company_name,event_type,Title,Link,Published,Summary,Date_Appended
Shake Shack,Opening,Burger giant Shake Shack opening new store in bustling Houston suburb - AOL.com,https://www.aol.com/news/burger-giant-shake-shack-opening-160002392.html,2026-07-05 19:24:48+00:00,Burger giant Shake Shack opening new store in bustling Houston suburb AOL.com,2026-07-05
Panda Express,Opening,New Florida Panda Express with drive-thru to open on Treasure Coast - AOL.com,https://www.aol.com/news/florida-panda-express-drive-thru-090135422.html,2026-07-05 18:48:14+00:00,New Florida Panda Express with drive-thru to open on Treasure Coast AOL.com,2026-07-05
Verde,Opening,Airport Staff Member's Tribute To Cape Verde Players Breaks The Internet - Video - NDTV Sports,https://sports.ndtv.com/fifa-world-cup-2026/airport-staff-member-bows-down-to-cape-verde-players-on-return-from-fifa-world-cup-video-11730773,2026-07-05 16:36:12+00:00,Airport Staff Member's Tribute To Cape Verde Players Breaks The Internet - Video NDTV Sports,2026-07-05
Quest Diagnostics,Closing,Quest Diagnostics (DGX) Could Be 4% Undervalued On Haystack MRD Approval - simplywall.st,https://simplywall.st/stocks/us/healthcare/nyse-dgx/quest-diagnostics/news/quest-diagnostics-dgx-could-be-4-undervalued-on-haystack-mrd,2026-07-05 16:19:40+00:00,Quest Diagnostics (DGX) Could Be 4% Undervalued On Haystack MRD Approval simplywall.st,2026-07-05
Boost Mobile,Closing,National wireless carrier shuts down after Chapter 11 - thestreet.com,https://www.thestreet.com/retail/national-wireless-phone-service-closing-after-chapter-11,2026-07-05 16:04:21+00:00,National wireless carrier shuts down after Chapter 11 thestreet.com,2026-07-05
Gap,Closing,Closing the global gender leadership gap: A strategic priority - Oman Observer,https://www.omanobserver.om/article/1192311/opinion/business/closing-the-global-gender-leadership-gap-a-strategic-priority,2026-07-05 13:26:27+00:00,Closing the global gender leadership gap: A strategic priority Oman Observer,2026-07-05
DAISO,Closing,Japanese retail chain Daiso to close third Singapore outlet this year - VnExpress International,https://e.vnexpress.net/news/business/companies/japanese-retail-chain-daiso-to-close-third-singapore-outlet-this-year-5083137.html,2026-07-05 13:08:25+00:00,Japanese retail chain Daiso to close third Singapore outlet this year VnExpress International,2026-07-05
Swig,Closing,Fire at former Somerville Elementary forces road closures - MSN,https://www.msn.com/en-us/news/us/fire-at-former-somerville-elementary-forces-road-closures/ar-AA27fugh,2026-07-05 10:13:30+00:00,Fire at former Somerville Elementary forces road closures MSN,2026-07-05
Jersey Mike's,Opening,Jersey Mike’s opening first Burlington location - Inside Halton,https://www.insidehalton.com/business/jersey-mikes-opening-burlington-location/article_debede05-f28e-5f4e-8e52-53e57e0d50f3.html,2026-07-05 10:00:00+00:00,Jersey Mike’s opening first Burlington location Inside Halton,2026-07-05
Gap,Closing,Newcastle's stadium decision key to closing £200m gap amid £26m Tonali truth and SCR rules explained - Chronicle Live,https://www.chroniclelive.co.uk/sport/football/transfer-news/newcastles-stadium-decision-key-closing-34226563,2026-07-05 09:54:00+00:00,Newcastle's stadium decision key to closing £200m gap amid £26m Tonali truth and SCR rules explained Chronicle Live,2026-07-05
The Old Spaghetti Factory,Closing,Old Spaghetti Factory in Fairfield is closing its doors - AOL.com,https://www.aol.com/articles/old-spaghetti-factory-fairfield-closing-023914000.html,2026-07-05 09:25:30+00:00,Old Spaghetti Factory in Fairfield is closing its doors AOL.com,2026-07-05
HCA Healthcare,Closing,HCA Healthcare holds steady. Focus shifts to its hospital network. - AD HOC NEWS,https://www.ad-hoc-news.de/boerse/news/ueberblick/hca-healthcare-holds-steady-focus-shifts-to-its-hospital-network/69694275,2026-07-05 07:47:07+00:00,HCA Healthcare holds steady. Focus shifts to its hospital network. AD HOC NEWS,2026-07-05
Gap,Closing,The gap between football's best and the rest is closing - The Times of India,https://timesofindia.indiatimes.com/life-style/spotlight/the-gap-between-footballs-best-and-the-rest-is-closing/articleshow/132176869.cms,2026-07-05 05:56:00+00:00,The gap between football's best and the rest is closing The Times of India,2026-07-05
Gap,Closing,Marlington Local Schools earns four-star Ohio report card rating for 2025-26 - Your Ohio News,https://www.yourohionews.com/hartville/marlington-earns-four-star-overall-state-report-card-rating/1052895,2026-07-05 04:57:00+00:00,Marlington Local Schools earns four-star Ohio report card rating for 2025-26 Your Ohio News,2026-07-05
Schlotzsky's,Opening,New Wichita restaurant almost ready to open in former Schlotzsky’s building - AOL.com,https://www.aol.com/news/wichita-restaurant-almost-ready-open-125100620.html,2026-07-05 03:50:26+00:00,New Wichita restaurant almost ready to open in former Schlotzsky’s building AOL.com,2026-07-05
Best Buy,Opening,City of Savannah to open weekend cooling centers - MSN,https://www.msn.com/en-us/news/us/city-of-savannah-to-open-weekend-cooling-centers/ar-AA26xApU?apiversion=v2&domshim=1&noservercache=1&noservertelemetry=1&batchservertelemetry=1&renderwebcomponents=1&wcseo=1,2026-07-05 02:33:46+00:00,City of Savannah to open weekend cooling centers MSN,2026-07-05
Tom Thumb,Closing,"See what’s open, closed July 3, July 4 in D-FW - Dallas News",https://www.dallasnews.com/arts-entertainment/holidays/article/open-closed-july-4-dallas-fort-worth-22325750.php,2026-07-04 23:47:54+00:00,"See what’s open, closed July 3, July 4 in D-FW Dallas News",2026-07-05
Five Guys,Closing,Five Guys shutters 14 US restaurants as rising labor and $25 meal costs squeeze margins - MSN,https://www.msn.com/en-us/money/companies/five-guys-shutters-14-us-restaurants-as-rising-labor-and-25-meal-costs-squeeze-margins/ss-AA242xET?ocid=iehpStartMenuInternet,2026-07-04 22:17:52+00:00,Five Guys shutters 14 US restaurants as rising labor and $25 meal costs squeeze margins MSN,2026-07-05
Swig,Closing,Closures and openings shift for July 4th 250th celebration - MSN,https://www.msn.com/en-us/money/companies/banks-markets-and-key-services-close-for-july-4-weekend/ss-AA27d2Xh?ocid=finance-verthp-feeds,2026-07-04 20:50:27+00:00,Closures and openings shift for July 4th 250th celebration MSN,2026-07-05
Best Buy,Opening,‘Sullivan’s Crossing’ star Morgan Kohan breaks silence on Sully’s exit and explains how it opens new doors - MSN,https://www.msn.com/en-us/tv/news/sullivan-s-crossing-star-morgan-kohan-breaks-silence-on-sully-s-exit-and-explains-how-it-opens-new-doors/ar-AA273eaL?uxmode=ruby,2026-07-04 20:23:44+00:00,‘Sullivan’s Crossing’ star Morgan Kohan breaks silence on Sully’s exit and explains how it opens new doors MSN,2026-07-05
WingStop,Closing,BigXthaPlug turned the heat all the way up for House of Flavor’s closing night - Dallas Observer,https://www.dallasobserver.com/music/bigxthaplug-house-of-flavor-dallas-40692514/,2026-07-04 20:16:35+00:00,BigXthaPlug turned the heat all the way up for House of Flavor’s closing night Dallas Observer,2026-07-05
Verde,Opening,"Conquered heroes: For Cape Verde, a World Cup run means many things will change - ABC News - Breaking News, Latest News and Videos",https://abcnews.com/amp/Sports/wireStory/conquered-heroes-cape-verde-world-cup-run-means-134482164,2026-07-04 20:08:00+00:00,"Conquered heroes: For Cape Verde, a World Cup run means many things will change ABC News - Breaking News, Latest News and Videos",2026-07-05
Verde,Opening,Messi breaks Maradona assist record at World Cup 2026 - Dailyhunt,http://m.dailyhunt.in/news/india/english/news+karnataka-epaper-newskarn/messi+breaks+maradona+assist+record+at+world+cup+2026-newsid-n718398849,2026-07-04 20:03:04+00:00,Messi breaks Maradona assist record at World Cup 2026 Dailyhunt,2026-07-05
Swig,Closing,West Peoria 4th of July parade road closures announced - MSN,https://www.msn.com/en-us/news/us/west-peoria-4th-of-july-parade-road-closures-announced/ar-AA26Ux52?apiversion=v2&domshim=1&noservercache=1&noservertelemetry=1&batchservertelemetry=1&renderwebcomponents=1&wcseo=1,2026-07-04 19:31:15+00:00,West Peoria 4th of July parade road closures announced MSN,2026-07-05
Pet Supplies Plus,Closing,Pet Supplies Plus Closing Bay Forest Center Store in Annapolis - Eye On Annapolis,https://www.eyeonannapolis.net/2026/07/pet-supplies-plus-closing-bay-forest-center-store-in-annapolis/,2026-07-04 19:10:00+00:00,Pet Supplies Plus Closing Bay Forest Center Store in Annapolis Eye On Annapolis,2026-07-05
Cracker Barrel,Closing,"Is Cracker Barrel Open or Closed on July 4 in US? Check Opening & Closing Times, Shifted Hours Amid US Independence Day - The Sunday Guardian",https://sundayguardianlive.com/world/is-cracker-barrel-open-or-closed-on-july-4-in-us-check-opening-closing-times-shifted-hours-amid-us-independence-day-226985/amp/,2026-07-04 19:03:16+00:00,"Is Cracker Barrel Open or Closed on July 4 in US? Check Opening & Closing Times, Shifted Hours Amid US Independence Day The Sunday Guardian",2026-07-05
Modern Market,Opening,Mombasa County relocates Makupa traders to open-air site ahead of modern market project - The Eastleigh Voice,https://eastleighvoice.co.ke/index.php/coast/303991/mombasa-county-relocates-makupa-traders-to-open-air-site-ahead-of-modern-market-project,2026-07-04 18:52:39+00:00,Mombasa County relocates Makupa traders to open-air site ahead of modern market project The Eastleigh Voice,2026-07-05
Olive Garden,Closing,"Is Olive Garden Open or Closed on July 4 in US? Check Opening & Closing Times, Shifted Hours Amid US Independence Day - The Sunday Guardian",https://sundayguardianlive.com/world/is-olive-garden-open-or-closed-on-july-4-in-us-check-opening-closing-times-shifted-hours-amid-us-independence-day-226967/,2026-07-04 18:39:08+00:00,"Is Olive Garden Open or Closed on July 4 in US? Check Opening & Closing Times, Shifted Hours Amid US Independence Day The Sunday Guardian",2026-07-05
Olive Garden,Closing,Olive Garden rival closes restaurant doors for good after 41 years in shock U-turn - the-sun.com,https://www.the-sun.com/money/16634989/olive-garden-rival-closes-shocking-news-mazzios/,2026-07-04 18:31:22+00:00,Olive Garden rival closes restaurant doors for good after 41 years in shock U-turn the-sun.com,2026-07-05
Five Guys,Closing,"Is Five Guys Open or Closed on July 4 in US? Check Opening & Closing Times, Shifted Hours Amid US Independence Day - The Sunday Guardian",https://sundayguardianlive.com/world/is-five-guys-open-or-closed-on-july-4-in-us-check-opening-closing-times-shifted-hours-amid-us-independence-day-226949/amp/,2026-07-04 18:21:09+00:00,"Is Five Guys Open or Closed on July 4 in US? Check Opening & Closing Times, Shifted Hours Amid US Independence Day The Sunday Guardian",2026-07-05
Five Guys,Closing,Top stories: Highway 99 death; Five Guys closures; Fresno State Foundation cries foul - Yahoo News Canada,https://ca.news.yahoo.com/top-stories-highway-99-death-181208120.html,2026-07-04 18:12:08+00:00,Top stories: Highway 99 death; Five Guys closures; Fresno State Foundation cries foul Yahoo News Canada,2026-07-05
The Cheesecake Factory,Closing,"Is ‘The Cheesecake Factory’ Open or Closed on July 4 Amid US Independence Day? Check The Cheesecake Factory Restaurant Holiday Hours, Opening & Closing Times Today, as USA 250th Birthday Celebration - The Sunday Guardian",https://sundayguardianlive.com/world/is-the-cheesecake-factory-open-or-closed-on-july-4-amid-us-independence-day-check-the-cheesecake-factory-restaurant-holiday-hours-opening-closing-times-today-as-usa-250th-birthday-celebration-226885/,2026-07-04 16:56:58+00:00,"Is ‘The Cheesecake Factory’ Open or Closed on July 4 Amid US Independence Day? Check The Cheesecake Factory Restaurant Holiday Hours, Opening & Closing Times Today, as USA 250th Birthday Celebration The Sunday Guardian",2026-07-05
Chipotle Mexican Grill,Closing,"Is Chipotle Mexican Grill Open or Closed on July 4 Amid US Independence Day? Check Chipotle Mexican Grill Restaurant Holiday Hours, Opening & Closing Times Today as Celebration of USA’s 250th Birthday - The Sunday Guardian",https://sundayguardianlive.com/world/is-chipotle-mexican-grill-open-or-closed-on-july-4-amid-us-independence-day-check-chipotle-mexican-grill-restaurant-holiday-hours-opening-closing-times-today-as-celebration-of-usas-250th-birthday-226863/amp/,2026-07-04 16:40:59+00:00,"Is Chipotle Mexican Grill Open or Closed on July 4 Amid US Independence Day? Check Chipotle Mexican Grill Restaurant Holiday Hours, Opening & Closing Times Today as Celebration of USA’s 250th Birthday The Sunday Guardian",2026-07-05
Couche-Tard,Opening,Why Alimentation Couche Tard (TSX:ATD) Could Be 11% Undervalued After Earnings - simplywall.st,https://simplywall.st/stocks/ca/consumer-retailing/tsx-atd/alimentation-couche-tard-shares/news/why-alimentation-couche-tard-tsxatd-could-be-11-undervalued,2026-07-04 16:36:31+00:00,Why Alimentation Couche Tard (TSX:ATD) Could Be 11% Undervalued After Earnings simplywall.st,2026-07-05
The Home Depot,Closing,"Is The Home Depot Open on July 4, 2026? Check Independence Day Holiday Hours, Store Status, Pickup and Delivery Services - The Sunday Guardian",https://sundayguardianlive.com/world/is-the-home-depot-open-on-july-4-2026-check-independence-day-holiday-hours-store-status-pickup-and-delivery-services-226799/,2026-07-04 15:44:51+00:00,"Is The Home Depot Open on July 4, 2026? Check Independence Day Holiday Hours, Store Status, Pickup and Delivery Services The Sunday Guardian",2026-07-05
Philz Coffee,Opening,California-founded Philz Coffee is coming to Elk Grove shopping center - Sacramento Bee,https://www.sacbee.com/food-drink/restaurants/article316328787.html,2026-07-04 14:00:00+00:00,California-founded Philz Coffee is coming to Elk Grove shopping center Sacramento Bee,2026-07-05
Bar Harbor Bank & Trust,Closing,It's All the Briefs and Press Releases. - Bar Harbor Story | Carrie Jones | Substack,https://barharborstory.substack.com/p/its-all-the-briefs-and-press-releases-b7a,2026-07-04 12:04:02+00:00,It's All the Briefs and Press Releases. Bar Harbor Story | Carrie Jones | Substack,2026-07-05
Loaf 'N Jug,Closing,"Loaf 'N Jug name retiring, stores transitioning to Cumberland Farms - AOL.com",https://www.aol.com/articles/loaf-n-jug-name-retiring-093056000.html,2026-07-04 11:43:31+00:00,"Loaf 'N Jug name retiring, stores transitioning to Cumberland Farms AOL.com",2026-07-05
Nothing Bundt Cakes,Opening,"Rudy's, Nothing Bundt Cakes: Here are 8 Kyle and Buda business updates - Community Impact",https://communityimpact.com/san-marcos-buda-kyle/business/rudys-nothing-bundt-cakes-here-are-8-kyle-and-buda-business-updates/,2026-07-04 09:52:34+00:00,"Rudy's, Nothing Bundt Cakes: Here are 8 Kyle and Buda business updates Community Impact",2026-07-05
Woodforest National Bank,Opening,New permanent boat house facility now open at Northshore Park in The Woodlands - Community Impact,https://communityimpact.com/the-woodlands/city-county/new-permanent-boat-house-facility-now-open-northshore-park-woodlands,2026-07-04 09:16:47+00:00,New permanent boat house facility now open at Northshore Park in The Woodlands Community Impact,2026-07-05
McAlister's Deli,Closing,"Brendees Irish Pub to reopen, Mr. Joe's closes: Restaurant openings, closures for June 2026 - LancasterOnline",https://lancasteronline.com/business/whats_in_store/brendees-irish-pub-to-reopen-mr-joes-closes-restaurant-openings-closures-for-june-2026/collection_a3eae28c-1da6-403a-98dd-9efcafb4c1e0.html,2026-07-04 09:00:00+00:00,"Brendees Irish Pub to reopen, Mr. Joe's closes: Restaurant openings, closures for June 2026 LancasterOnline",2026-07-05
Jersey Mike's Subs,Closing,"Brendees Irish Pub to reopen, Mr. Joe's closes: Restaurant openings, closures for June 2026 - LancasterOnline",https://lancasteronline.com/business/whats_in_store/brendees-irish-pub-to-reopen-mr-joes-closes-restaurant-openings-closures-for-june-2026/collection_a3eae28c-1da6-403a-98dd-9efcafb4c1e0.html,2026-07-04 09:00:00+00:00,"Brendees Irish Pub to reopen, Mr. Joe's closes: Restaurant openings, closures for June 2026 LancasterOnline",2026-07-05
Swig,Closing,Toffees closing in on deals for Hackney and George - good business? - MSN,https://www.msn.com/en-us/news/other/toffees-closing-in-on-deals-for-hackney-and-george-good-business/ar-AA26SgF9,2026-07-04 08:31:39+00:00,Toffees closing in on deals for Hackney and George - good business? MSN,2026-07-05
Shake Shack,Opening,Shake Shack gets a 'Sharky' grand opening in Wilmington - AOL.com,https://www.aol.com/articles/shake-shack-gets-sharky-grand-182035000.html,2026-07-04 08:29:54+00:00,Shake Shack gets a 'Sharky' grand opening in Wilmington AOL.com,2026-07-05
Peoples Bancorp,Closing,"If You Invested $1,000 in Peoples Bancorp (PEBC) - Stock Titan",https://www.stocktitan.net/tools/stock-return-calculator/PEBC,2026-07-04 07:51:22+00:00,"If You Invested $1,000 in Peoples Bancorp (PEBC) Stock Titan",2026-07-05
Birch Lane,Opening,Wayfair to open large-format store at Galleria Fort Lauderdale - Chain Store Age,https://chainstoreage.com/wayfair-open-large-format-store-galleria-fort-lauderdale,2026-07-04 07:00:00+00:00,Wayfair to open large-format store at Galleria Fort Lauderdale Chain Store Age,2026-07-05
Ideal Market,Opening,Wayfair to open large-format store at Galleria Fort Lauderdale - Chain Store Age,https://chainstoreage.com/wayfair-open-large-format-store-galleria-fort-lauderdale,2026-07-04 07:00:00+00:00,Wayfair to open large-format store at Galleria Fort Lauderdale Chain Store Age,2026-07-05
Shake Shack,Opening,Shake Shack to open in Ala Moana Center in 2027 - KITV,https://www.kitv.com/video/news/shake-shack-to-open-in-ala-moana-center-in-2027/video_4e882183-ee3f-5279-a5b9-b85bdbcf23ef.html,2026-07-04 05:06:00+00:00,Shake Shack to open in Ala Moana Center in 2027 KITV,2026-07-05
Swig,Closing,Business in Miami County announces permanent closure - MSN,https://www.msn.com/en-us/news/crime/business-in-miami-county-announces-permanent-closure/ar-AA26QISd?apiversion=v2&domshim=1&noservercache=1&noservertelemetry=1&batchservertelemetry=1&renderwebcomponents=1&wcseo=1,2026-07-04 03:00:07+00:00,Business in Miami County announces permanent closure MSN,2026-07-05
Sleep Number,Closing,Sleep Number is filing for bankruptcy and selling to Sleep Country Canada for $415 million - qz.com,https://qz.com/sleep-number-bankruptcy-sleep-country-canada-sale-061826,2026-07-04 02:32:49+00:00,Sleep Number is filing for bankruptcy and selling to Sleep Country Canada for $415 million qz.com,2026-07-05
Verde,Opening,Every Record Lionel Messi Broke In Argentina's Dramatic R032 Win Over Cape Verde - News18,https://www.news18.com/sports/football/every-record-lionel-messi-broke-in-argentinas-dramatic-r032-fifa-world-cup-win-over-cape-verde-ws-l-10189605.html,2026-07-04 02:30:27+00:00,Every Record Lionel Messi Broke In Argentina's Dramatic R032 Win Over Cape Verde News18,2026-07-05
Verde,Opening,"Golden Boot race: Lionel Messi scores 20th World Cup goal, extends scoring streak to 8 games - Gulf News",https://gulfnews.com/sport/football/world-cup/golden-boot-race-lionel-messi-scores-20th-world-cup-goal-extends-scoring-streak-to-8-games-1.500596399,2026-07-04 02:26:39+00:00,"Golden Boot race: Lionel Messi scores 20th World Cup goal, extends scoring streak to 8 games Gulf News",2026-07-05
Best Buy,Opening,Doylestown Township to open municipal building as cooling center - MSN,https://www.msn.com/en-us/news/us/doylestown-township-to-open-municipal-building-as-cooling-center/ar-AA26UtSU,2026-07-04 02:11:43+00:00,Doylestown Township to open municipal building as cooling center MSN,2026-07-05
Verde,Opening,"2026 World Cup breaks own-goal record with 14, surpassing 2018 tournament - Yahoo Sports",https://sports.yahoo.com/soccer/article/2026-world-cup-breaks-own-goal-record-with-14-surpassing-2018-tournament-014951562.html,2026-07-04 01:55:00+00:00,"2026 World Cup breaks own-goal record with 14, surpassing 2018 tournament Yahoo Sports",2026-07-05
Speedway,Opening,Kyle Larson Looks to Break Winless Drought as NASCAR Returns to Chicagoland - U.S. News & World Report,https://www.usnews.com/news/sports/articles/2026-07-03/kyle-larson-looks-to-break-winless-drought-as-nascar-returns-to-chicagoland,2026-07-04 00:06:46+00:00,Kyle Larson Looks to Break Winless Drought as NASCAR Returns to Chicagoland U.S. News & World Report,2026-07-05
The Tile Shop,Opening,"15,000-square-foot The Tile Shop opens on University Boulevard | Sugar Land - Missouri City - Community Impact",https://communityimpact.com/sugar-land-missouri-city/news/15000-square-foot-tile-shop-opens-university-boulevard/,2026-07-03 23:55:36+00:00,"15,000-square-foot The Tile Shop opens on University Boulevard | Sugar Land - Missouri City Community Impact",2026-07-05
Verde,Opening,Messi goal gives Argentina narrow lead over Cape Verde - MSN,https://www.msn.com/en-in/news/insight/messi-goal-gives-argentina-narrow-lead-over-cape-verde/gm-GM4C0E77B3?gemSnapshotKey=GM4C0E77B3-snapshot-3,2026-07-03 23:05:42+00:00,Messi goal gives Argentina narrow lead over Cape Verde MSN,2026-07-05
Einstein Bros Bagels,Opening,Einstein Bros. Bagels is planning to open more than 300 new locations by 2030 - qz.com,https://qz.com/einstein-bros-bagels-300-new-locations-2030-070126,2026-07-03 22:20:55+00:00,Einstein Bros. Bagels is planning to open more than 300 new locations by 2030 qz.com,2026-07-05
Smashburger,Closing,"Taylor Swift’s fantasy MSG wedding is a nightmare for some merchants, commuters - New York Daily News",https://www.nydailynews.com/2026/07/03/taylor-swift-fantasy-msg-wedding-nightmare-merchants-commuters/,2026-07-03 21:28:15+00:00,"Taylor Swift’s fantasy MSG wedding is a nightmare for some merchants, commuters New York Daily News",2026-07-05
Consumer Cellular,Opening,What's that new store near Target on Center Street in Salem? - AOL.com,https://www.aol.com/articles/whats-store-near-target-center-110058000.html,2026-07-03 21:22:34+00:00,What's that new store near Target on Center Street in Salem? AOL.com,2026-07-05
Bergdorf Goodman,Opening,Phoebe Philo is Ready to Open Her First Store on Carlos Place in London's Mayfair - MSN,http://www.msn.com/en-us/lifestyle/lifestyle-buzz/phoebe-philo-is-ready-to-open-her-first-store-on-carlos-place-in-londons-mayfair/ar-AA1IIJ4d?apiversion=v2&domshim=1&noservercache=1&noservertelemetry=1&batchservertelemetry=1&renderwebcomponents=1&wcseo=1,2026-07-03 21:13:28+00:00,Phoebe Philo is Ready to Open Her First Store on Carlos Place in London's Mayfair MSN,2026-07-05
Swig,Closing,"Once-iconic retailers face closures, complaints, and shifting strategies - MSN",http://www.msn.com/en-us/money/companies/once-iconic-retailers-face-closures-complaints-and-shifting-strategies/ss-AA27acjb,2026-07-03 19:13:50+00:00,"Once-iconic retailers face closures, complaints, and shifting strategies MSN",2026-07-05
Dutch Bros,Opening,VIDEO: First Seattle Dutch Bros opening soon - KIRO 7 News Seattle,https://www.kiro7.com/news/local/video-first-seattle-dutch-bros-opening-soon/88f0c4b5-b98b-4914-9b96-3d818eb2c943/,2026-07-03 18:45:37+00:00,VIDEO: First Seattle Dutch Bros opening soon KIRO 7 News Seattle,2026-07-04
Swig,Closing,"Once-iconic retailers face closures, complaints, and shifting strategies - MSN",https://www.msn.com/en-us/money/companies/once-iconic-retailers-face-closures-complaints-and-shifting-strategies/ss-AA27acjb?ocid=finance-verthp-feeds,2026-07-03 18:09:19+00:00,"Once-iconic retailers face closures, complaints, and shifting strategies MSN",2026-07-04
IKEA,Closing,A Major Furniture Retailer Is Closing Its The Domain Location - WhatNow,https://whatnow.com/austin/retail/a-major-furniture-retailer-is-closing-its-the-domain-location/,2026-07-03 17:11:28+00:00,A Major Furniture Retailer Is Closing Its The Domain Location WhatNow,2026-07-05
Swig,Closing,"Heavy rain prompts rises on rivers, campground closures in eastern Iowa - MSN",https://www.msn.com/en-us/weather/topstories/heavy-rain-prompts-rises-on-rivers-campground-closures-in-eastern-iowa/ar-AA279lKv,2026-07-03 17:10:04+00:00,"Heavy rain prompts rises on rivers, campground closures in eastern Iowa MSN",2026-07-05
Vans,Opening,Vans Officially Opens New Store at Disney Springs - wdwinfo.com,https://www.wdwinfo.com/news-stories/vans-officially-opens-new-store-at-disney-springs/,2026-07-03 16:59:22+00:00,Vans Officially Opens New Store at Disney Springs wdwinfo.com,2026-07-04
Dutch Bros Coffee,Opening,Dutch Bros. files plans to open first Seattle location. Here's where - KING5.com,https://www.king5.com/article/money/business/dutch-bros-files-plans-open-first-seattle-location/281-f856eb9f-a2db-4bde-a6a0-7e3aecb20fa9,2026-07-03 16:28:00+00:00,Dutch Bros. files plans to open first Seattle location. Here's where KING5.com,2026-07-04
Dutch Bros. Coffee,Opening,Dutch Bros. files plans to open first Seattle location. Here's where - KING5.com,https://www.king5.com/article/money/business/dutch-bros-files-plans-open-first-seattle-location/281-f856eb9f-a2db-4bde-a6a0-7e3aecb20fa9,2026-07-03 16:28:00+00:00,Dutch Bros. files plans to open first Seattle location. Here's where KING5.com,2026-07-04
Dutch Bros,Opening,Dutch Bros. files plans to open first Seattle location. Here's where - KING5.com,https://www.king5.com/article/money/business/dutch-bros-files-plans-open-first-seattle-location/281-f856eb9f-a2db-4bde-a6a0-7e3aecb20fa9,2026-07-03 16:28:00+00:00,Dutch Bros. files plans to open first Seattle location. Here's where KING5.com,2026-07-04
Vans,Opening,Disney World Officially Opens Highly-Anticipated New Location Overnight - disneydining.com,https://www.disneydining.com/disney-world-officially-opens-highly-anticipated-new-location-overnight-sb1/,2026-07-03 16:20:25+00:00,Disney World Officially Opens Highly-Anticipated New Location Overnight disneydining.com,2026-07-04
Gap,Opening,Adrien Boichis conquers La Thuile after an intense battle with Luca Martin - Brujulabike.com,https://en.brujulabike.com/adrien-boichis-conquers-thuile-after-an-intense-battle-with-luca-martin/,2026-07-03 16:10:00+00:00,Adrien Boichis conquers La Thuile after an intense battle with Luca Martin Brujulabike.com,2026-07-05
Nothing Bundt Cakes,Opening,Mother of teen killed in Nothing Bundt Cakes crash pledges to open bakery on daughter's behalf - Houston Chronicle,https://www.houstonchronicle.com/news/houston-texas/trending/article/crash-nothing-bundt-cakes-22330732.php,2026-07-03 15:59:24+00:00,Mother of teen killed in Nothing Bundt Cakes crash pledges to open bakery on daughter's behalf Houston Chronicle,2026-07-04
Swig,Closing,TxDOT schedules multiple weekends of overnight Interstate 35 closures in Austin - MSN,https://www.msn.com/en-us/autos/news/txdot-schedules-multiple-weekends-of-overnight-interstate-35-closures-in-austin/ar-AA26E6RI,2026-07-03 15:43:45+00:00,TxDOT schedules multiple weekends of overnight Interstate 35 closures in Austin MSN,2026-07-04
Shake Shack,Opening,Shake Shack sets opening date for restaurant in Aliana area of Fort Bend County - The Business Journals,https://www.bizjournals.com/houston/news/2026/07/03/shake-shack-opening-near-aliana-fort-bend-county.html,2026-07-03 15:37:00+00:00,Shake Shack sets opening date for restaurant in Aliana area of Fort Bend County The Business Journals,2026-07-04
Texaco,Closing,Burlington beaches back open after algae bloom closures - WCAX,https://www.wcax.com/2026/07/03/4-burlington-beaches-closed-due-algae-blooms/,2026-07-03 15:36:00+00:00,Burlington beaches back open after algae bloom closures WCAX,2026-07-05
Ollie's Bargain Outlet,Closing,Ollie's Bargain Outlet (OLLI) Stock Valuation Gap After Mixed Recent Returns - Sahm,https://www.sahmcapital.com/news/content/ollies-bargain-outlet-olli-stock-valuation-gap-after-mixed-recent-returns-2026-06-13,2026-07-03 15:26:00+00:00,Ollie's Bargain Outlet (OLLI) Stock Valuation Gap After Mixed Recent Returns Sahm,2026-07-05
Swig,Closing,7 restaurant chains and eateries closing in 2026 - MSN,http://www.msn.com/en-us/money/companies/7-restaurant-chains-and-eateries-closing-in-2026/ss-AA26Ovhx,2026-07-03 15:15:01+00:00,7 restaurant chains and eateries closing in 2026 MSN,2026-07-04
Olive Garden,Opening,Olive Garden just opened a new Canadian restaurant – and there are plans for many more - canoe.com,https://canoe.com/life/food/olive-garden-new-location-canada,2026-07-03 14:35:59+00:00,Olive Garden just opened a new Canadian restaurant – and there are plans for many more canoe.com,2026-07-04
Disney Store,Opening,Disney World Unexpectedly Opens Brand-New Location at Former Vacant Site - Inside the Magic,https://insidethemagic.net/2026/07/disney-world-unexpectedly-opens-brand-new-location-at-former-vacant-site-sb1/,2026-07-03 14:34:28+00:00,Disney World Unexpectedly Opens Brand-New Location at Former Vacant Site Inside the Magic,2026-07-05
Five Guys,Closing,Five Guys burger chain closes another location in the Valley. Here’s where - Fresno Bee,https://www.fresnobee.com/news/business/article316362981.html,2026-07-03 14:17:17+00:00,Five Guys burger chain closes another location in the Valley. Here’s where Fresno Bee,2026-07-04
Five Guys,Closing,Five Guys burger chain closes another location in Central Valley. Here’s where - Fresno Bee,https://www.fresnobee.com/news/business/article316362981.html,2026-07-03 14:17:00+00:00,Five Guys burger chain closes another location in Central Valley. Here’s where Fresno Bee,2026-07-05
Kawartha Dairy,Closing,From Zero To Blockchain Developer In 10 Months: Complete Roadmap Big Brother (azUke78G0Y) - Mshale,https://mshale.com/a8dc8bd1/955babc8ChcBAANSYlooByg,2026-07-03 14:06:14+00:00,From Zero To Blockchain Developer In 10 Months: Complete Roadmap Big Brother (azUke78G0Y) Mshale,2026-07-05
Gap,Closing,How Close Is Houston Football to Closing the Gap on Texas Tech and BYU? - Sports Illustrated,https://www.si.com/college/houston/football/how-close-is-houston-football-to-closing-the-gap-on-texas-tech-and-byu,2026-07-03 13:53:29+00:00,How Close Is Houston Football to Closing the Gap on Texas Tech and BYU? Sports Illustrated,2026-07-04
Gap,Closing,Map Shows Cities Where Closing Affordable Housing Gap Will Take Centuries - Newsweek,https://www.newsweek.com/map-cities-closing-affordable-housing-gap-take-centuries-12153917,2026-07-03 13:50:00+00:00,Map Shows Cities Where Closing Affordable Housing Gap Will Take Centuries Newsweek,2026-07-04
Schlotzsky's,Opening,New Wichita restaurant almost ready to open in former Schlotzsky’s building - Wichita Eagle,https://www.kansas.com/entertainment/restaurants/dining-with-denise-neil/article316359967.html,2026-07-03 12:51:00+00:00,New Wichita restaurant almost ready to open in former Schlotzsky’s building Wichita Eagle,2026-07-04
Shoe palace,Opening,"Music school, salads: Check out 5 business, restaurant updates in Allen - Community Impact",https://communityimpact.com/allen/business/music-school-salads-check-out-5-business-restaurant-updates-in-allen/,2026-07-03 12:40:16+00:00,"Music school, salads: Check out 5 business, restaurant updates in Allen Community Impact",2026-07-05
Hooters,Closing,Hooters Closing Every Location In New York State - New Jersey 101.5,https://nj1015.com/ixp/854/p/hooters-closes-final-restaurant-in-the-empire-state/,2026-07-03 12:00:46+00:00,Hooters Closing Every Location In New York State New Jersey 101.5,2026-07-05
Royal Farms,Opening,Royal Farms opens new store in Virginia - Mobility Plaza,https://www.mobilityplaza.org/news/45270,2026-07-03 11:48:02+00:00,Royal Farms opens new store in Virginia Mobility Plaza,2026-07-04
Exxon Mobil,Opening,"US oil companies see big profit jump, gird for clash over pump prices with Trump - KITCO",https://www.kitco.com/news/off-the-wire/2026-07-03/us-oil-companies-see-big-profit-jump-gird-clash-over-pump-prices-trump,2026-07-03 11:43:02+00:00,"US oil companies see big profit jump, gird for clash over pump prices with Trump KITCO",2026-07-04
Swig,Closing,Premier Bancorp sees Columbia deal closing as soon as Sept. 1 - MSN,http://www.msn.com/en-us/money/companies/premier-bancorp-sees-columbia-deal-closing-as-soon-as-sept-1/ar-AA1Jf5cM?apiversion=v2&domshim=1&noservercache=1&noservertelemetry=1&batchservertelemetry=1&renderwebcomponents=1&wcseo=1,2026-07-03 11:33:38+00:00,Premier Bancorp sees Columbia deal closing as soon as Sept. 1 MSN,2026-07-05
Dutch Bros Coffee,Opening,Dutch Bros to open first Seattle store in former Starbucks location - KIRO 7 News Seattle,https://www.kiro7.com/news/local/dutch-bros-open-first-seattle-store-former-starbucks-location/MWAMMIDHIRGRLASUVCGVLN6ALM/?outputType=amp,2026-07-03 11:21:33+00:00,Dutch Bros to open first Seattle store in former Starbucks location KIRO 7 News Seattle,2026-07-04
Dutch Bros. Coffee,Opening,Dutch Bros to open first Seattle store in former Starbucks location - KIRO 7 News Seattle,https://www.kiro7.com/news/local/dutch-bros-open-first-seattle-store-former-starbucks-location/MWAMMIDHIRGRLASUVCGVLN6ALM/?outputType=amp,2026-07-03 11:21:33+00:00,Dutch Bros to open first Seattle store in former Starbucks location KIRO 7 News Seattle,2026-07-04
Dutch Bros,Opening,Dutch Bros to open first Seattle store in former Starbucks location - KIRO 7 News Seattle,https://www.kiro7.com/news/local/dutch-bros-open-first-seattle-store-former-starbucks-location/MWAMMIDHIRGRLASUVCGVLN6ALM/?outputType=amp,2026-07-03 11:21:33+00:00,Dutch Bros to open first Seattle store in former Starbucks location KIRO 7 News Seattle,2026-07-04
Consumer Cellular,Opening,What's that new store near Target on Center Street in Salem? - Statesman Journal,https://www.statesmanjournal.com/story/news/local/2026/07/03/consumer-cellular-store-salem/90754934007/,2026-07-03 11:00:00+00:00,What's that new store near Target on Center Street in Salem? Statesman Journal,2026-07-04
Calvin Klein,Opening,Now Open! Calvin Klein – A New Fashion Destination at MAYA Chiang Mai - Chiang Mai Citylife,https://www.chiangmaicitylife.com/citynews/general/now-open-calvin-klein-a-new-fashion-destination-at-maya-chiang-mai/,2026-07-03 10:52:18+00:00,Now Open! Calvin Klein – A New Fashion Destination at MAYA Chiang Mai Chiang Mai Citylife,2026-07-05
Santander Bank,Opening,6 Best Money Market Accounts: Up to 3.90% - NerdWallet,https://www.nerdwallet.com/banking/best/money-market-accounts,2026-07-03 10:07:32+00:00,6 Best Money Market Accounts: Up to 3.90% NerdWallet,2026-07-04
Gap,Closing,"DCD Talks: Closing the data center talent gap with Audrey Escalante, Digital Realty - Data Center Dynamics",https://www.datacenterdynamics.com/en/videos/dcd-talks-closing-the-data-center-talent-gap-with-audrey-escalante-digital-realty/,2026-07-03 09:48:10+00:00,"DCD Talks: Closing the data center talent gap with Audrey Escalante, Digital Realty Data Center Dynamics",2026-07-04
Shoe palace,Opening,Shoe Palace to open new location at Allen Premium Outlets - Community Impact,https://communityimpact.com/allen/business/shoe-palace-to-open-new-location-at-allen-premium-outlets/,2026-07-03 09:15:56+00:00,Shoe Palace to open new location at Allen Premium Outlets Community Impact,2026-07-04
Kwik Shop,Closing,"A Complete List of Grocery Stores Open on July 4th, Plus Holiday Hours for 2026 - TODAY.com",https://www.today.com/life/holidays/grocery-stores-open-july-4-hours-closed-2026-rcna350289,2026-07-03 09:01:03+00:00,"A Complete List of Grocery Stores Open on July 4th, Plus Holiday Hours for 2026 TODAY.com",2026-07-04
Dutch Bros. Coffee,Opening,Dutch Bros Coffee now open in Montgomery - Community Impact,https://communityimpact.com/conroe-montgomery/business/dutch-bros-coffee-now-open-in-montgomery/,2026-07-03 08:32:54+00:00,Dutch Bros Coffee now open in Montgomery Community Impact,2026-07-04
Winners,Opening,New location for Ekka Prime Cattle comp flushes out first time winners - Queensland Country Life,https://www.queenslandcountrylife.com.au/story/9304351/royal-queensland-show-cattle-competition-breaks-entry-records/,2026-07-03 07:32:22+00:00,New location for Ekka Prime Cattle comp flushes out first time winners Queensland Country Life,2026-07-04
First Bank,Closing,"Nifty Bank Index Price Today, Nifty Bank share price, Nifty Bank Live Charts - Business Today",https://www.businesstoday.in/indices/nifty-bank,2026-07-03 07:00:00+00:00,"Nifty Bank Index Price Today, Nifty Bank share price, Nifty Bank Live Charts Business Today",2026-07-05
Quest Diagnostics,Opening,"The Giants Foundation to host annual 5K Race and Kids Run, presented by Quest - Giants.com",https://www.giants.com/news/the-giants-foundation-to-host-annual-5k-race-and-kids-run-presented-by-quest,2026-07-03 07:00:00+00:00,"The Giants Foundation to host annual 5K Race and Kids Run, presented by Quest Giants.com",2026-07-05
Speedway,Opening,West University Buffalo Speedway project breaks ground - Community Impact,https://communityimpact.com/bellaire-meyerland-west-university/transportation/west-university-buffalo-speedway-project-breaks-ground/,2026-07-03 05:22:24+00:00,West University Buffalo Speedway project breaks ground Community Impact,2026-07-04
Dutch Bros,Opening,Dutch Bros files permits to open first location in Seattle - Yahoo,https://www.yahoo.com/news/videos/dutch-bros-files-permits-open-004623840.html,2026-07-03 05:16:00+00:00,Dutch Bros files permits to open first location in Seattle Yahoo,2026-07-05
One Medical,Opening,One Medical extends primary care practice to Katy's LaCenterra | Katy - Fulshear - Community Impact,https://communityimpact.com/katy/healthcare/one-medical-extends-primary-care-practice-to-katys-lacenterra/,2026-07-03 04:20:59+00:00,One Medical extends primary care practice to Katy's LaCenterra | Katy - Fulshear Community Impact,2026-07-04
Verde,Opening,Argentina vs Cabo Verde Prediction: World Cup Round of 32 Preview & Parlay Picks - 7/3/2026 - ATS.io,https://ats.io/soccer/world-cup/argentina-vs-cabo-verde-prediction-world-cup-round-of-32-preview-parlay-picks-7-3-2026/521785/,2026-07-03 04:12:53+00:00,Argentina vs Cabo Verde Prediction: World Cup Round of 32 Preview & Parlay Picks - 7/3/2026 ATS.io,2026-07-04
Jersey Mike's,Opening,Jersey Mike's Subs coming soon to Tomball - Community Impact,https://communityimpact.com/tomball-magnolia/dining/jersey-mikes-subs-coming-soon-to-tomball/,2026-07-03 03:49:51+00:00,Jersey Mike's Subs coming soon to Tomball Community Impact,2026-07-04
Jersey Mike's Subs,Opening,Jersey Mike's Subs coming soon to Tomball - Community Impact,https://communityimpact.com/tomball-magnolia/dining/jersey-mikes-subs-coming-soon-to-tomball,2026-07-03 03:49:51+00:00,Jersey Mike's Subs coming soon to Tomball Community Impact,2026-07-05
Jersey Mike's Subs,Opening,Jersey Mike's Subs coming soon to Tomball - Community Impact,https://communityimpact.com/tomball-magnolia/dining/jersey-mikes-subs-coming-soon-to-tomball/,2026-07-03 03:49:51+00:00,Jersey Mike's Subs coming soon to Tomball Community Impact,2026-07-04
Jersey Mike's,Opening,Jersey Mike's Subs coming soon to Tomball - Community Impact,https://communityimpact.com/tomball-magnolia/dining/jersey-mikes-subs-coming-soon-to-tomball,2026-07-03 03:49:51+00:00,Jersey Mike's Subs coming soon to Tomball Community Impact,2026-07-05
Einstein Bros Bagels,Opening,Tacodeli and Einstein Bros. Bagels to open at Austin-Bergstrom Airport - Community Impact,https://communityimpact.com/central-austin/dining/tacodeli-and-einstein-bros-bagels-to-open-at-austin-bergstrom-airport/,2026-07-03 02:55:35+00:00,Tacodeli and Einstein Bros. Bagels to open at Austin-Bergstrom Airport Community Impact,2026-07-04
Einstein Bros Bagels,Opening,Tacodeli and Einstein Bros. Bagels to open at Austin-Bergstrom Airport - Community Impact,https://communityimpact.com/central-austin/dining/tacodeli-and-einstein-bros-bagels-to-open-at-austin-bergstrom-airport,2026-07-03 02:55:35+00:00,Tacodeli and Einstein Bros. Bagels to open at Austin-Bergstrom Airport Community Impact,2026-07-05
Swig,Closing,Popular dog-friendly cantina announces closing of 2 locations - MSN,https://www.msn.com/en-us/travel/news/popular-dog-friendly-cantina-announces-closing-of-2-locations/ar-AA26P1Bn?apiversion=v2&domshim=1&noservercache=1&noservertelemetry=1&batchservertelemetry=1&renderwebcomponents=1&wcseo=1,2026-07-03 02:01:34+00:00,Popular dog-friendly cantina announces closing of 2 locations MSN,2026-07-05
Einstein Bros Bagels,Opening,Einstein Bros. Bagels bringing new shop to Round Rock Crossing - Community Impact,https://communityimpact.com/round-rock/business/einstein-bros-bagels-bringing-new-shop-to-round-rock-crossing/,2026-07-03 01:47:54+00:00,Einstein Bros. Bagels bringing new shop to Round Rock Crossing Community Impact,2026-07-05
Boudin Bakery,Closing,2 injured after car crashes at Boudin Bakery in SF Fisherman’s Wharf - KRON4,https://www.kron4.com/news/bay-area/2-injured-after-car-crashes-at-boudin-bakery-in-sf-fishermans-wharf/,2026-07-03 01:41:13+00:00,2 injured after car crashes at Boudin Bakery in SF Fisherman’s Wharf KRON4,2026-07-05
True Food Kitchen,Opening,True Food Kitchen announces opening date for Domain location - Community Impact,https://communityimpact.com/northwest-austin/dining/true-food-kitchen-announces-opening-date-for-domain-location,2026-07-03 01:27:39+00:00,True Food Kitchen announces opening date for Domain location Community Impact,2026-07-04
Dairy Queen,Closing,"3 Alaska Dairy Queens abruptly close, leaving one in Soldotna - Anchorage Daily News",https://www.adn.com/business-economy/2026/07/02/3-remaining-dairy-queens-abruptly-close-in-alaska-leaving-one-in-soldotna/,2026-07-03 01:23:52+00:00,"3 Alaska Dairy Queens abruptly close, leaving one in Soldotna Anchorage Daily News",2026-07-05
Dairy Queen,Closing,"3 remaining Dairy Queens abruptly close in Alaska, leaving one in Soldotna - Anchorage Daily News",https://www.adn.com/business-economy/2026/07/02/3-remaining-dairy-queens-abruptly-close-in-alaska-leaving-one-in-soldotna/,2026-07-03 01:23:52+00:00,"3 remaining Dairy Queens abruptly close in Alaska, leaving one in Soldotna Anchorage Daily News",2026-07-04
Rural King,Opening,Rural King of the hill: Kingsport store celebrates grand opening - Erwin Record,https://erwinrecord.net/news/19470/rural-king-of-the-hill-kingsport-store-celebrates-grand-opening/,2026-07-03 01:21:19+00:00,Rural King of the hill: Kingsport store celebrates grand opening Erwin Record,2026-07-05
Tim Hortons,Closing,"Forbici, Tim Hortons, Cousin Vinnys, Whataburger, Violet Stone: Restaurant Openings - Patch",https://patch.com/florida/stpete/forbici-tim-hortons-cousin-vinny-s-whataburger-violet-stone-restaurant-openings,2026-07-03 01:03:00+00:00,"Forbici, Tim Hortons, Cousin Vinnys, Whataburger, Violet Stone: Restaurant Openings Patch",2026-07-04
Bob's Big Boy,Closing,Bob's Big Boy closing in San Diego 1988 - cbs8.com,https://www.cbs8.com/video/news/local/throwback/bobs-big-boy-closing-in-san-diego-1988/509-ead7d40c-f124-43bb-a18e-c10ff219e4f2,2026-07-03 00:52:00+00:00,Bob's Big Boy closing in San Diego 1988 cbs8.com,2026-07-04
World Finance,Closing,The World’s Gold Is Quietly Leaving London and New York - Schiff Sovereign,https://www.schiffsovereign.com/trends/the-worlds-gold-is-quietly-leaving-london-and-new-york-155400/,2026-07-03 00:47:54+00:00,The World’s Gold Is Quietly Leaving London and New York Schiff Sovereign,2026-07-04
Bass Pro Shops,Opening,Bass Pro Shops to open first store in San Diego County in 2028 - NBC 7 San Diego,https://www.nbcsandiego.com/video/videos/bass-pro-shops-to-open-first-store-in-san-diego-county-in-2028/4044383/,2026-07-03 00:42:57+00:00,Bass Pro Shops to open first store in San Diego County in 2028 NBC 7 San Diego,2026-07-04
Boudin Bakery,Closing,Two injured in S.F. as car plows into Boudin Bakery near Fisherman’s Wharf - San Francisco Chronicle,https://www.sfchronicle.com/sf/article/boudin-bakery-injury-crash-22331169.php,2026-07-03 00:40:23+00:00,Two injured in S.F. as car plows into Boudin Bakery near Fisherman’s Wharf San Francisco Chronicle,2026-07-04
Bass Pro Shops,Opening,Bass Pro Shops coming to Grossmont Center as major redevelopment plans move forward in La Mesa - cbs8.com,https://www.cbs8.com/article/news/local/bass-pro-shops-coming-grossmont-center-major-redevelopment-plans-la-mesa/509-34880347-7e23-423f-b720-0ef9bcea8507,2026-07-03 00:29:00+00:00,Bass Pro Shops coming to Grossmont Center as major redevelopment plans move forward in La Mesa cbs8.com,2026-07-04
Flower Child,Opening,Flower Child to Bring Healthy Dining Option to Greater Houston - WhatNow,https://whatnow.com/houston/restaurants/flower-child-to-bring-healthy-dining-option-to-greater-houston/,2026-07-03 00:20:56+00:00,Flower Child to Bring Healthy Dining Option to Greater Houston WhatNow,2026-07-04
Sweetgreen,Closing,"Sweetgreen, Inc. (SG) stock moves -3.63%: What you should know - MSN",https://www.msn.com/en-us/money/topstocks/sweetgreen-inc-sg-stock-moves-3-63-what-you-should-know/ar-AA275Yjw?ocid=finance-verthp-feeds,2026-07-03 00:14:14+00:00,"Sweetgreen, Inc. (SG) stock moves -3.63%: What you should know MSN",2026-07-04
Torchy's Tacos,Opening,"Torchy’s Tacos now offering tacos, queso in Celina - Community Impact",https://communityimpact.com/prosper-celina/dining/torchys-tacos-now-offering-tacos-queso-in-celina/,2026-07-03 00:08:06+00:00,"Torchy’s Tacos now offering tacos, queso in Celina Community Impact",2026-07-04
Dutch Bros. Coffee,Opening,Dutch Bros to open first Seattle store in former Starbucks location - MyNorthwest.com,https://mynorthwest.com/lifestyle/dutch-bros-seattle-starbucks/4253633,2026-07-02 23:34:53+00:00,Dutch Bros to open first Seattle store in former Starbucks location MyNorthwest.com,2026-07-04
Dutch Bros Coffee,Opening,Dutch Bros to open first Seattle store in former Starbucks location - MyNorthwest.com,https://mynorthwest.com/lifestyle/dutch-bros-seattle-starbucks/4253633,2026-07-02 23:34:53+00:00,Dutch Bros to open first Seattle store in former Starbucks location MyNorthwest.com,2026-07-04
Dutch Bros,Opening,Dutch Bros to open first Seattle store in former Starbucks location - MyNorthwest.com,https://mynorthwest.com/lifestyle/dutch-bros-seattle-starbucks/4253633,2026-07-02 23:34:53+00:00,Dutch Bros to open first Seattle store in former Starbucks location MyNorthwest.com,2026-07-04
Dutch Bros,Opening,"Dutch Bros plans first Seattle store, and it's in a former Starbucks - The Business Journals",https://www.bizjournals.com/phoenix/news/2026/07/02/dutch-bros-invades-starbucks-territory.html,2026-07-02 23:31:00+00:00,"Dutch Bros plans first Seattle store, and it's in a former Starbucks The Business Journals",2026-07-04
Dutch Bros. Coffee,Opening,"Dutch Bros plans first Seattle store, and it's in a former Starbucks - The Business Journals",https://www.bizjournals.com/phoenix/news/2026/07/02/dutch-bros-invades-starbucks-territory.html,2026-07-02 23:31:00+00:00,"Dutch Bros plans first Seattle store, and it's in a former Starbucks The Business Journals",2026-07-04
Dutch Bros Coffee,Opening,"Dutch Bros plans first Seattle store, and it's in a former Starbucks - The Business Journals",https://www.bizjournals.com/phoenix/news/2026/07/02/dutch-bros-invades-starbucks-territory.html,2026-07-02 23:31:00+00:00,"Dutch Bros plans first Seattle store, and it's in a former Starbucks The Business Journals",2026-07-04
Jersey Mike's Subs,Opening,Jersey Mike’s Subs to Open New Location on Marsh Lane - WhatNow,https://whatnow.com/dallas/restaurants/jersey-mikes-subs-to-open-new-location-on-marsh-lane/,2026-07-02 23:21:59+00:00,Jersey Mike’s Subs to Open New Location on Marsh Lane WhatNow,2026-07-04
Jersey Mike's,Opening,Jersey Mike’s Subs to Open New Location on Marsh Lane - WhatNow,https://whatnow.com/dallas/restaurants/jersey-mikes-subs-to-open-new-location-on-marsh-lane/,2026-07-02 23:21:59+00:00,Jersey Mike’s Subs to Open New Location on Marsh Lane WhatNow,2026-07-04
Dutch Bros,Opening,Dutch Bros (BROS) Launches Firecracker Drinks As It Opens New Locations - simplywall.st,https://simplywall.st/stocks/us/consumer-services/nyse-bros/dutch-bros/news/dutch-bros-bros-launches-firecracker-drinks-as-it-opens-new/amp,2026-07-02 23:02:23+00:00,Dutch Bros (BROS) Launches Firecracker Drinks As It Opens New Locations simplywall.st,2026-07-04
World Market,Closing,Bed Bath And Beyond Store Closing Sale Haul | World Market Haul Shetland News (0rSLPg4fMf) - Mshale,https://mshale.com/8a705b4f/bb1196dd-zoLdzIsKgU,2026-07-02 22:42:42+00:00,Bed Bath And Beyond Store Closing Sale Haul | World Market Haul Shetland News (0rSLPg4fMf) Mshale,2026-07-04
Shoe Show,Closing,Israel Museum gets its kicks with kid-friendly shoe show - The Times of Israel,https://www.timesofisrael.com/israel-museum-gets-its-kicks-with-kid-friendly-shoe-show/,2026-07-02 22:34:00+00:00,Israel Museum gets its kicks with kid-friendly shoe show The Times of Israel,2026-07-04
IKEA,Closing,IKEA closing small-format store at the Domain - KVUE,https://www.kvue.com/video/money/business/ikea-closing-domain/269-37258fd5-9809-4ac0-b49d-9e9c8af7533b,2026-07-02 22:26:00+00:00,IKEA closing small-format store at the Domain KVUE,2026-07-04
Gap,Closing,Honda’s Sales Figures Shows The CR-V Is Closing The Gap On The Toyota RAV4 - AUTOJOSH,https://autojosh.com/hondas-sales-figures-shows-the-cr-v-is-closing-the-gap-on-the-toyota-rav4/,2026-07-02 22:23:39+00:00,Honda’s Sales Figures Shows The CR-V Is Closing The Gap On The Toyota RAV4 AUTOJOSH,2026-07-04
Camp Bow Wow,Closing,WHAT EVERY DOG PARENT SHOULD KNOW BEFORE THEIR FIRST BOARDING STAY: CAMP BOW WOW'S® COMPLETE SAFETY CHECKLIST - PR Newswire,https://www.prnewswire.com/news-releases/what-every-dog-parent-should-know-before-their-first-boarding-stay-camp-bow-wows-complete-safety-checklist-302817203.html,2026-07-02 22:18:00+00:00,WHAT EVERY DOG PARENT SHOULD KNOW BEFORE THEIR FIRST BOARDING STAY: CAMP BOW WOW'S® COMPLETE SAFETY CHECKLIST PR Newswire,2026-07-04
Dutch Bros Coffee,Opening,New Dutch Bros kiosk opens next to original Fresno location - thebusinessjournal.com,https://thebusinessjournal.com/new-dutch-bros-kiosk-opens-next-to-original-fresno-location/,2026-07-02 22:14:19+00:00,New Dutch Bros kiosk opens next to original Fresno location thebusinessjournal.com,2026-07-04
Dutch Bros. Coffee,Opening,New Dutch Bros kiosk opens next to original Fresno location - thebusinessjournal.com,https://thebusinessjournal.com/new-dutch-bros-kiosk-opens-next-to-original-fresno-location/,2026-07-02 22:14:19+00:00,New Dutch Bros kiosk opens next to original Fresno location thebusinessjournal.com,2026-07-04
Dutch Bros,Opening,New Dutch Bros kiosk opens next to original Fresno location - thebusinessjournal.com,https://thebusinessjournal.com/new-dutch-bros-kiosk-opens-next-to-original-fresno-location/,2026-07-02 22:14:19+00:00,New Dutch Bros kiosk opens next to original Fresno location thebusinessjournal.com,2026-07-04
LUSH,Opening,"Israel to open Gaza concentration camps in ""matter of weeks"" - thecanary.co",https://www.thecanary.co/skwawkbox/2026/07/02/israel-to-open/,2026-07-02 21:56:32+00:00,"Israel to open Gaza concentration camps in ""matter of weeks"" thecanary.co",2026-07-04
Capital One,Closing,Capital One Dining Is Shutting Down in September - Upgraded Points,https://upgradedpoints.com/news/capital-one-dining-shutting-down/,2026-07-02 21:37:45+00:00,Capital One Dining Is Shutting Down in September Upgraded Points,2026-07-04
Dutch Bros Coffee,Opening,"Starbucks rival Dutch Bros plans first Seattle store, and it's in a former Starbucks - The Business Journals",https://www.bizjournals.com/seattle/news/2026/07/02/dutch-bros-coffee-plans-location-starbucks-space.html,2026-07-02 21:09:00+00:00,"Starbucks rival Dutch Bros plans first Seattle store, and it's in a former Starbucks The Business Journals",2026-07-04
Dutch Bros,Opening,"Starbucks rival Dutch Bros plans first Seattle store, and it's in a former Starbucks - The Business Journals",https://www.bizjournals.com/seattle/news/2026/07/02/dutch-bros-coffee-plans-location-starbucks-space.html,2026-07-02 21:09:00+00:00,"Starbucks rival Dutch Bros plans first Seattle store, and it's in a former Starbucks The Business Journals",2026-07-04
Dutch Bros. Coffee,Opening,"Starbucks rival Dutch Bros plans first Seattle store, and it's in a former Starbucks - The Business Journals",https://www.bizjournals.com/seattle/news/2026/07/02/dutch-bros-coffee-plans-location-starbucks-space.html,2026-07-02 21:09:00+00:00,"Starbucks rival Dutch Bros plans first Seattle store, and it's in a former Starbucks The Business Journals",2026-07-04
Whitestone REIT,Closing,Whitestone REIT issues supplemental disclosures amid Ares merger - The Globe and Mail,https://www.theglobeandmail.com/investing/markets/stocks/WSR/pressreleases/3106689/whitestone-reit-issues-supplemental-disclosures-amid-ares-merger/,2026-07-02 20:50:00+00:00,Whitestone REIT issues supplemental disclosures amid Ares merger The Globe and Mail,2026-07-04
Weis Markets,Opening,Weis Markets opens new Millsboro store - Coastal Point,https://www.coastalpoint.com/news/business/dollars_and_sense/weis-markets-opens-new-millsboro-store/article_069eb75f-bf96-47b8-9be5-28efdd55e2c8.html,2026-07-02 20:40:00+00:00,Weis Markets opens new Millsboro store Coastal Point,2026-07-04
Bass Pro Shops,Opening,Bass Pro Shops to open first store in San Diego County in 2028 - NBC 7 San Diego,https://www.nbcsandiego.com/news/local/bass-pro-shops-to-open-first-store-in-san-diego-county-in-2028/4044186/,2026-07-02 20:38:53+00:00,Bass Pro Shops to open first store in San Diego County in 2028 NBC 7 San Diego,2026-07-04
Shake Shack,Opening,Shake Shack to open in Ala Moana Center in 2027 - KITV,https://www.kitv.com/news/business/shake-shack-to-open-in-ala-moana-center-in-2027/article_3c95ee71-8945-42cf-bc99-ecc1ad2c8bba.html,2026-07-02 20:04:00+00:00,Shake Shack to open in Ala Moana Center in 2027 KITV,2026-07-04
Wendy's,Closing,Say goodbye: Popular burger chain quietly closing 300+ stores nationwide - MassLive,https://www.masslive.com/news/2026/07/say-goodbye-popular-burger-chain-quietly-closing-300-stores-nationwide.html,2026-07-02 19:51:00+00:00,Say goodbye: Popular burger chain quietly closing 300+ stores nationwide MassLive,2026-07-04
Kawartha Dairy,Closing,Kawartha Dairy announces fresh shipment of viral Tragically Chip ice cream after selling out at Ontario stores - Simcoe.com,https://www.simcoe.com/news/kawartha-dairy-tragically-chip-sold-out/article_28d7ad4e-e45b-5be2-8f3d-0fa78adbba57.html,2026-07-02 19:43:00+00:00,Kawartha Dairy announces fresh shipment of viral Tragically Chip ice cream after selling out at Ontario stores Simcoe.com,2026-07-04
Bass Pro Shops,Opening,Huge sporting goods store coming to San Diego County with plans to hire 150 - San Diego Union-Tribune,https://www.sandiegouniontribune.com/2026/07/02/huge-outdoor-store-coming-to-san-diego-county-with-plans-to-hire-150/,2026-07-02 19:35:54+00:00,Huge sporting goods store coming to San Diego County with plans to hire 150 San Diego Union-Tribune,2026-07-04
IKEA,Closing,IKEA closes mini store at the Domain - statesman.com,https://www.statesman.com/business/article/ikea-domain-austin-closing-22330701.php,2026-07-02 19:32:47+00:00,IKEA closes mini store at the Domain statesman.com,2026-07-04
Ihop,Closing,IHOP is closing in Bloomington; new barbecue spot expected to fill the space - The Pantagraph,https://pantagraph.com/news/local/business/article_2d2b1bc8-3f54-4769-996b-d337f9a268bf.html,2026-07-02 19:15:00+00:00,IHOP is closing in Bloomington; new barbecue spot expected to fill the space The Pantagraph,2026-07-04
Wally's,Opening,Wally’s supersize gas station making final steps before breaking ground near KC - Kansas City Star,https://amp.kansascity.com/news/local/jackson-county/article316363618.html,2026-07-02 19:07:37+00:00,Wally’s supersize gas station making final steps before breaking ground near KC Kansas City Star,2026-07-04
Tractor Supply Co.,Opening,"Royal Credit Union, Tractor Supply Co. Add To Chippewa Crossing Growth - Volume One",https://volumeone.org/articles/2026/07/02/394656-royal-credit-union-tractor-supply-co-add-to-chippewa-crossing-growth,2026-07-02 18:49:00+00:00,"Royal Credit Union, Tractor Supply Co. Add To Chippewa Crossing Growth Volume One",2026-07-04
Woof Gang Bakery & Grooming,Opening,Woof Gang Bakery Attracts New Investor Amid Franchise Growth Push - franchisetimes.com,https://www.franchisetimes.com/franchise_news/woof-gang-bakery-attracts-new-investor-amid-franchise-growth-push/article_f3f003b6-b1c5-40b9-98dc-8ca69d4c63da.html,2026-07-02 18:30:00+00:00,Woof Gang Bakery Attracts New Investor Amid Franchise Growth Push franchisetimes.com,2026-07-04
The Home Depot,Opening,Will Grantville’s Home Depot stay open? - Times of San Diego,https://timesofsandiego.com/newsletter/will-grantvilles-home-depot-stay-open/,2026-07-02 18:00:00+00:00,Will Grantville’s Home Depot stay open? Times of San Diego,2026-07-04
Long John Silver's,Opening,Long John Silver’s announces new Lufkin location opening in 2027 - AOL.com,https://www.aol.com/articles/long-john-silver-announces-lufkin-005236000.html,2026-07-02 17:50:05+00:00,Long John Silver’s announces new Lufkin location opening in 2027 AOL.com,2026-07-04
Boot Barn,Opening,Lakeway to break ground on Butler Rough Hollow Park | Lake Travis - Westlake - Community Impact,https://communityimpact.com/lake-travis-westlake/development/lakeway-to-break-ground-on-butler-rough-hollow-park,2026-07-02 17:49:55+00:00,Lakeway to break ground on Butler Rough Hollow Park | Lake Travis - Westlake Community Impact,2026-07-04
McDonald's,Opening,"North Las Vegas McDonald’s opens, donates $7K to Ronald McDonald House - FOX5 Vegas",https://www.fox5vegas.com/2026/07/02/north-las-vegas-mcdonalds-opens-donates-7k-ronald-mcdonald-house/,2026-07-02 17:49:00+00:00,"North Las Vegas McDonald’s opens, donates $7K to Ronald McDonald House FOX5 Vegas",2026-07-04
Stir,Closing,Street closures stir backlash ahead of rumored Swift–Kelce wedding - MSN,https://www.msn.com/en-us/entertainment/news/street-closures-stir-backlash-ahead-of-rumored-swift-kelce-wedding/ss-AA26XQd3?cvid=6a0e3e0959c74dbcba6ae04bec5ad233&ocid=Huawei,2026-07-02 17:46:38+00:00,Street closures stir backlash ahead of rumored Swift–Kelce wedding MSN,2026-07-04
Bass Pro Shops,Opening,Bass Pro Shops Announces New La Mesa Store at Grossmont Center - WhatNow,https://whatnow.com/san-diego/retail/bass-pro-shops-announces-new-la-mesa-store-at-grossmont-center/,2026-07-02 17:32:52+00:00,Bass Pro Shops Announces New La Mesa Store at Grossmont Center WhatNow,2026-07-04
Bass Pro Shops,Opening,"A Massive 148,000-Square-Foot Bass Pro Shops Is Coming to San Diego County - edhat",https://www.edhat.com/beyond-local/news/bass-pro-shops-to-open-first-san-diego-county-store-at-grossmont-center/,2026-07-02 17:28:27+00:00,"A Massive 148,000-Square-Foot Bass Pro Shops Is Coming to San Diego County edhat",2026-07-04
Levi Strauss & Co.,Closing,Levi’s distribution center in NKY closing. More than 300 to lose jobs - Yahoo Finance,https://finance.yahoo.com/markets/stocks/articles/levi-distribution-center-nky-closing-172812468.html,2026-07-02 17:28:12+00:00,Levi’s distribution center in NKY closing. More than 300 to lose jobs Yahoo Finance,2026-07-04
Disney Store,Opening,New Vans Store Now Open at Disney Springs in Walt Disney World - WDWMagic,https://www.wdwmagic.com/shopping/vans/news/02jul2026-new-vans-store-now-open-at-disney-springs-in-walt-disney-world.htm,2026-07-02 17:26:00+00:00,New Vans Store Now Open at Disney Springs in Walt Disney World WDWMagic,2026-07-04
Tropical Smoothie Cafe,Closing,"Wichita's June restaurant roundup: openings, closings and changes. Here's what to know - Wichita Eagle",https://www.kansas.com/entertainment/restaurants/dining-with-denise-neil/article316351185.html,2026-07-02 17:15:42+00:00,"Wichita's June restaurant roundup: openings, closings and changes. Here's what to know Wichita Eagle",2026-07-04
Tropical Smoothie Café,Closing,"Wichita's June restaurant roundup: openings, closings and changes. Here's what to know - Wichita Eagle",https://www.kansas.com/entertainment/restaurants/dining-with-denise-neil/article316351185.html,2026-07-02 17:15:42+00:00,"Wichita's June restaurant roundup: openings, closings and changes. Here's what to know Wichita Eagle",2026-07-04
IKEA,Closing,IKEA closing small-format store at the Domain in Austin - KVUE,https://www.kvue.com/article/money/business/ikea-austin-texas-domain-location-closing/269-16b1f992-4cae-4062-8e63-966689320b89,2026-07-02 16:38:00+00:00,IKEA closing small-format store at the Domain in Austin KVUE,2026-07-04
Advance America,Closing,NOAA announces regional priorities to advance America-first seafood strategy - NOAA (.gov),https://www.noaa.gov/news-release/noaa-announces-regional-priorities-to-advance-america-first-seafood-strategy,2026-07-02 16:37:11+00:00,NOAA announces regional priorities to advance America-first seafood strategy NOAA (.gov),2026-07-04
Swig,Closing,KOSPI 200 closing price list-1 - MSN,https://www.msn.com/en-us/news/world/kospi-200-closing-price-list-1/ar-AA26M0ES?apiversion=v2&domshim=1&noservercache=1&noservertelemetry=1&batchservertelemetry=1&renderwebcomponents=1&wcseo=1,2026-07-02 16:31:40+00:00,KOSPI 200 closing price list-1 MSN,2026-07-04
Jersey Mike's Subs,Closing,Jersey Mike's in Salinas participating in 'Day of Giving' to support Special Olympics - MSN,https://www.msn.com/en-us/sports/other/jersey-mikes-in-salinas-participating-in-day-of-giving-to-support-special-olympics/ar-AA1Zpm37?apiversion=v2&domshim=1&noservercache=1&noservertelemetry=1&batchservertelemetry=1&renderwebcomponents=1&wcseo=1,2026-07-02 16:29:58+00:00,Jersey Mike's in Salinas participating in 'Day of Giving' to support Special Olympics MSN,2026-07-04
Jersey Mike's,Opening,Jersey Mike’s Subs to open Burlington restaurant as Redberry continues Canadian expansion - retail-insider.com,https://retail-insider.com/retail-insider/2026/07/jersey-mikes-subs-to-open-burlington-restaurant-as-redberry-continues-canadian-expansion/,2026-07-02 16:21:22+00:00,Jersey Mike’s Subs to open Burlington restaurant as Redberry continues Canadian expansion retail-insider.com,2026-07-04
Pizza Hut,Closing,Major pizza chain bought in $2.7B deal months after announcing 250 store closures - MassLive,https://www.masslive.com/news/2026/07/major-pizza-chain-bought-in-27b-deal-months-after-announcing-250-store-closures.html,2026-07-02 16:04:00+00:00,Major pizza chain bought in $2.7B deal months after announcing 250 store closures MassLive,2026-07-04
Dino Polska,Opening,Dino Polska S.A. growth story and market context - Ad-hoc-news.de,https://www.ad-hoc-news.de/boerse/news/ueberblick/dino-polska-s-a-growth-story-and-market-context/69674648,2026-07-02 15:57:45+00:00,Dino Polska S.A. growth story and market context Ad-hoc-news.de,2026-07-04
Jack in the Box,Closing,These Restaurant Chains Could Be Headed for More Closures in the Near Future - Cheapism,https://www.cheapism.com/these-restaurant-chains-could-be-headed-for-more-closures-in-the-near-future/,2026-07-02 15:51:00+00:00,These Restaurant Chains Could Be Headed for More Closures in the Near Future Cheapism,2026-07-04
Buffalo Wild Wings,Opening,Buffalo Wild Wings bringing 20th NJ restaurant to Piscataway - NJBIZ,https://njbiz.com/buffalo-wild-wings-20th-nj-restaurant-piscataway/,2026-07-02 15:49:09+00:00,Buffalo Wild Wings bringing 20th NJ restaurant to Piscataway NJBIZ,2026-07-04
UGG,Closing,"Beloved mall staple is heading to 7,000 stores after closing 500+ locations - MassLive",https://www.masslive.com/news/2026/07/beloved-mall-staple-is-heading-to-7000-stores-after-closing-500-locations.html,2026-07-02 15:48:00+00:00,"Beloved mall staple is heading to 7,000 stores after closing 500+ locations MassLive",2026-07-04
Bass Pro Shops,Opening,Bass Pro expanding footprint in California - Springfield Business Journal,"http://sbj.net/stories/bass-pro-expanding-footprint-in-california,104837",2026-07-02 15:41:29+00:00,Bass Pro expanding footprint in California Springfield Business Journal,2026-07-04
Five Guys,Closing,Burger chain Five Guys closing this month at Oak Park Mall - Johnson County Post,https://johnsoncountypost.com/2026/07/02/five-guys-closing-oak-park-mall-290129/,2026-07-02 15:00:48+00:00,Burger chain Five Guys closing this month at Oak Park Mall Johnson County Post,2026-07-04
Star Market,Opening,Shanghai offers warmer welcome to China startups - Breakingviews,https://www.breakingviews.com/columns/considered-view/shanghai-offers-warmer-welcome-china-startups-2026-07-02/,2026-07-02 14:27:20+00:00,Shanghai offers warmer welcome to China startups Breakingviews,2026-07-04
Market of Choice,Opening,Oregon State Credit Union to open in Cedar Mill - The Business Journals,https://www.bizjournals.com/portland/news/2026/07/02/cedar-mill-credit-union.html,2026-07-02 14:24:00+00:00,Oregon State Credit Union to open in Cedar Mill The Business Journals,2026-07-04
Einstein Bros Bagels,Opening,"National bagel chain plans hundreds of new locations, remodeling in growth push - The Business Journals",https://www.bizjournals.com/denver/news/2026/07/02/einstein-bros-bagels-denver-expansion-300-remodel.html,2026-07-02 14:22:00+00:00,"National bagel chain plans hundreds of new locations, remodeling in growth push The Business Journals",2026-07-04
Terrible Herbst,Closing,Terrible Herbst takeover of Primm casino properties gets green light from Nevada gaming regulators - ktnv.com,https://www.ktnv.com/news/terrible-herbst-takeover-of-primm-casino-properties-gets-green-light-from-nevada-gaming-regulators,2026-07-02 14:07:37+00:00,Terrible Herbst takeover of Primm casino properties gets green light from Nevada gaming regulators ktnv.com,2026-07-04
Royal Farms,Opening,Royal Farms Expands Virginia Presence with New Chester Location - GlobeNewswire,https://www.globenewswire.com/news-release/2026/07/02/3321389/0/en/royal-farms-expands-virginia-presence-with-new-chester-location.html,2026-07-02 14:00:00+00:00,Royal Farms Expands Virginia Presence with New Chester Location GlobeNewswire,2026-07-04
Hooters,Closing,Hooters Closing Every Location In New York State - Hudson Valley Post,https://hudsonvalleypost.com/hooters-closes-final-restaurant-in-the-empire-state/,2026-07-02 13:25:27+00:00,Hooters Closing Every Location In New York State Hudson Valley Post,2026-07-04
Studio Movie Grill,Opening,EoS Fitness opens 19th gym in Texas in former Studio Movie Grill | Tomball - Magnolia - Community Impact,https://communityimpact.com/tomball-magnolia/business/eos-fitness-opens-19th-gym-in-texas-in-former-studio-movie-grill,2026-07-02 13:21:48+00:00,EoS Fitness opens 19th gym in Texas in former Studio Movie Grill | Tomball - Magnolia Community Impact,2026-07-04
Speedway,Opening,Preview: Round 2 of the 2026 In-Season Challenge at Chicagoland Speedway - NASCAR.com,https://www.nascar.com/news-media/2026/07/02/preview-round-2-of-the-2026-in-season-challenge-at-chicagoland-speedway/,2026-07-02 13:00:22+00:00,Preview: Round 2 of the 2026 In-Season Challenge at Chicagoland Speedway NASCAR.com,2026-07-04
Blo Blow Dry Bar,Opening,Fabletics offers free mask promotion July 16-19 after opening in Southlake - Community Impact,https://communityimpact.com/grapevine-colleyville-southlake/impacts/fabletics-offers-free-mask-promotion-july-16-19-after-opening-in-southlake/,2026-07-02 12:50:57+00:00,Fabletics offers free mask promotion July 16-19 after opening in Southlake Community Impact,2026-07-04
Gap,Closing,"Tinubu committed to closing Niger Delta Education gap, says Otuaro - Vanguard News",https://www.vanguardngr.com/2026/07/tinubu-committed-to-closing-niger-delta-education-gap-says-otuaro/,2026-07-02 12:47:03+00:00,"Tinubu committed to closing Niger Delta Education gap, says Otuaro Vanguard News",2026-07-04
Gap,Closing,Brookings: Closing The Black Business Ownership Gap Could Create 6.3M Jobs And $824B in Revenue - Black Enterprise,https://www.blackenterprise.com/brookings-black-business-ownership-jobs/,2026-07-02 11:18:58+00:00,Brookings: Closing The Black Business Ownership Gap Could Create 6.3M Jobs And $824B in Revenue Black Enterprise,2026-07-04
Swig,Closing,Boozie’s Bar & Grill in Davenport closing for up to 6 months - MSN,https://www.msn.com/en-us/news/other/boozie-s-bar-grill-in-davenport-closing-for-up-to-6-months/ar-AA1J4Qbi?apiversion=v2&domshim=1&noservercache=1&noservertelemetry=1&batchservertelemetry=1&renderwebcomponents=1&wcseo=1,2026-07-02 10:52:53+00:00,Boozie’s Bar & Grill in Davenport closing for up to 6 months MSN,2026-07-04
Shake Shack,Opening,Shake Shack to Open New London Bridge Location This Summer - Hospitality & Catering News,https://www.hospitalityandcateringnews.com/2026/07/shake-shack-to-open-new-london-bridge-location-this-summer/,2026-07-02 10:29:37+00:00,Shake Shack to Open New London Bridge Location This Summer Hospitality & Catering News,2026-07-04
Shake Shack,Opening,1st-ever Shake Shack on East End hosts grand opening at Tanger in Riverhead Tuesday - MSN,https://www.msn.com/en-us/foodanddrink/foodnews/1st-ever-shake-shack-on-east-end-hosts-grand-opening-at-tanger-in-riverhead-tuesday/ar-AA26ZYjR?apiversion=v2&domshim=1&noservercache=1&noservertelemetry=1&batchservertelemetry=1&renderwebcomponents=1&wcseo=1,2026-07-02 10:28:28+00:00,1st-ever Shake Shack on East End hosts grand opening at Tanger in Riverhead Tuesday MSN,2026-07-04
Regency Furniture,Closing,Southern Maryland Fireworks Displays Set for Fourth of July Weekend 2026 - Southern Maryland News Net,https://smnewsnet.com/archives/561967/southern-maryland-fireworks-displays-set-for-fourth-of-july-weekend/,2026-07-02 10:26:31+00:00,Southern Maryland Fireworks Displays Set for Fourth of July Weekend 2026 Southern Maryland News Net,2026-07-04
Lupe Tortilla,Opening,Lupe Tortilla Mexican Restaurant now open in Kingwood - Community Impact,https://communityimpact.com/lake-houston-humble-kingwood/dining/lupe-tortilla-mexican-restaurant-now-open-in-kingwood,2026-07-02 09:32:21+00:00,Lupe Tortilla Mexican Restaurant now open in Kingwood Community Impact,2026-07-04
Einstein Bros Bagels,Opening,Einstein Bros. Bagels to Open 300-Plus Stores by 2030 - Retail & Leisure International,https://www.rli.uk.com/einstein-bros-bagels-to-open-300-plus-stores-by-2030/,2026-07-02 09:29:37+00:00,Einstein Bros. Bagels to Open 300-Plus Stores by 2030 Retail & Leisure International,2026-07-04
Outback Steakhouse,Opening,Outback Steakhouse permanently closes Humble location - Community Impact,https://communityimpact.com/lake-houston-humble-kingwood/dining/outback-steakhouse-permanently-closes-humble-location,2026-07-02 09:20:20+00:00,Outback Steakhouse permanently closes Humble location Community Impact,2026-07-04
Long John Silver's,Opening,Long John Silver’s announces new Lufkin location opening in 2027 - AOL.com,https://www.aol.com/news/long-john-silver-announces-lufkin-005236922.html,2026-07-02 09:17:59+00:00,Long John Silver’s announces new Lufkin location opening in 2027 AOL.com,2026-07-04
Country Kitchen,Closing,A French Provincial House Outside of Charlottesville Charms With Blue Shutters and Blue Ridge Mountain Views - Mansion Global,https://www.mansionglobal.com/articles/a-french-provincial-house-outside-of-charlottesville-charms-with-blue-shutters-and-blue-ridge-mountain-views-e6c1c7cc,2026-07-02 09:01:15+00:00,A French Provincial House Outside of Charlottesville Charms With Blue Shutters and Blue Ridge Mountain Views Mansion Global,2026-07-04
Gap,Closing,How AI Is Closing the Gap Between IT Backlogs and Business Demand - The AI Journal,https://aijourn.com/how-ai-is-closing-the-gap-between-it-backlogs-and-business-demand/,2026-07-02 07:51:14+00:00,How AI Is Closing the Gap Between IT Backlogs and Business Demand The AI Journal,2026-07-04
Gap,Closing,Why “Why” Matters: Closing the Gap Between Evidence and Practice in Infection Prevention - Infection Control Today,https://www.infectioncontroltoday.com/view/why-why-matters-closing-gap-between-evidence-practice-infection-prevention,2026-07-02 07:00:00+00:00,Why “Why” Matters: Closing the Gap Between Evidence and Practice in Infection Prevention Infection Control Today,2026-07-04
First Bank,Opening,11 Best Checking Accounts of July 2026 - NerdWallet,https://www.nerdwallet.com/banking/best/checking-accounts,2026-07-02 07:00:00+00:00,11 Best Checking Accounts of July 2026 NerdWallet,2026-07-04
Bank of America,Opening,11 Best Checking Accounts of July 2026 - NerdWallet,https://www.nerdwallet.com/banking/best/checking-accounts,2026-07-02 07:00:00+00:00,11 Best Checking Accounts of July 2026 NerdWallet,2026-07-04
Associated Bank,Opening,11 Best Checking Accounts of July 2026 - NerdWallet,https://www.nerdwallet.com/banking/best/checking-accounts,2026-07-02 07:00:00+00:00,11 Best Checking Accounts of July 2026 NerdWallet,2026-07-04
Stir,Closing,Prince William and Kate to skip Swift–Kelce wedding - MSN,http://www.msn.com/en-us/entertainment/news/street-closures-stir-backlash-ahead-of-rumored-swift-kelce-wedding/ss-AA26XQd3,2026-07-02 05:45:18+00:00,Prince William and Kate to skip Swift–Kelce wedding MSN,2026-07-04
Bass Pro Shops,Opening,Bass Pro Shops coming to San Diego: Here are the details - fox5sandiego.com,https://fox5sandiego.com/news/local-news/bass-pro-shops-la-mesa/,2026-07-02 05:22:02+00:00,Bass Pro Shops coming to San Diego: Here are the details fox5sandiego.com,2026-07-04
Olive Garden,Opening,Recipe opens first Ontario Olive Garden as part of national expansion plan - retail-insider.com,https://retail-insider.com/retail-insider/2026/07/recipe-opens-first-ontario-olive-garden-as-part-of-national-expansion-plan/,2026-07-02 05:00:00+00:00,Recipe opens first Ontario Olive Garden as part of national expansion plan retail-insider.com,2026-07-04
Shake Shack,Opening,Shake Shack to debut Hawaii location at Ala Moana in 2027 - KHON2,https://www.khon2.com/local-news/shake-shack-hawaii-opening/,2026-07-02 04:41:14+00:00,Shake Shack to debut Hawaii location at Ala Moana in 2027 KHON2,2026-07-04
Rooms To Go,Closing,From construction to closing: Check out the newest San Marcos business updates - Community Impact,https://communityimpact.com/san-marcos-buda-kyle/business/from-construction-to-closing-check-out-the-newest-san-marcos-business-updates,2026-07-02 04:35:47+00:00,From construction to closing: Check out the newest San Marcos business updates Community Impact,2026-07-04
Einstein Bros Bagels,Closing,From construction to closing: Check out the newest San Marcos business updates - Community Impact,https://communityimpact.com/san-marcos-buda-kyle/business/from-construction-to-closing-check-out-the-newest-san-marcos-business-updates,2026-07-02 04:35:47+00:00,From construction to closing: Check out the newest San Marcos business updates Community Impact,2026-07-04
MOD Pizza,Opening,2021 review: First Houston-area Costco Business Center announced; Missouri City breaks ground on Fort Bend Town Center II and 8 more top stories from Sugar Land and Missouri City - Community Impact,https://communityimpact.com/sugar-land-missouri-city/city-county/2021-review-first-houston-area-costco-business-center-announced-missouri-city-breaks-ground-on-fort-bend-town-center-ii-and-8-more-top-stories-from-sugar-land-and-missouri-city/,2026-07-02 03:38:26+00:00,2021 review: First Houston-area Costco Business Center announced; Missouri City breaks ground on Fort Bend Town Center II and 8 more top stories from Sugar Land and Missouri City Community Impact,2026-07-04
Einstein Bros Bagels,Opening,Einstein Bros. Bagels officials celebrate late March opening in Humble - Community Impact,https://communityimpact.com/lake-houston-humble-kingwood/dining/einstein-bros-bagels-officials-celebrate-late-march-opening-in-humble/,2026-07-02 02:51:11+00:00,Einstein Bros. Bagels officials celebrate late March opening in Humble Community Impact,2026-07-04
Blo Blow Dry Bar,Opening,Blo Blow Dry Bar Coming to Phoenix in 2027 - WhatNow,https://whatnow.com/phoenix/retail/blo-blow-dry-bar-coming-to-phoenix-in-2027/,2026-07-02 02:33:09+00:00,Blo Blow Dry Bar Coming to Phoenix in 2027 WhatNow,2026-07-04
WingStop,Opening,Landsea Homes breaks ground on townhomes in Round Rock's Avery Centre development - Community Impact,https://communityimpact.com/round-rock/real-estate/landsea-homes-breaks-ground-on-townhomes-in-round-rocks-avery-centre/,2026-07-02 02:05:27+00:00,Landsea Homes breaks ground on townhomes in Round Rock's Avery Centre development Community Impact,2026-07-04
HSBC Bank USA,Opening,"HSBC Premier Checking Account: Earn up to $5,000 for a limited time - Fortune",https://fortune.com/article/hsbc-premier-checking-bonus/,2026-07-02 01:08:59+00:00,"HSBC Premier Checking Account: Earn up to $5,000 for a limited time Fortune",2026-07-04
Sharkey's Cuts for Kids,Opening,"5 new restaurants, 2 new gyms and more: 18 business updates for Lake Travis, Westlake - Community Impact",https://communityimpact.com/lake-travis-westlake/dining/5-new-restaurants-2-new-gyms-and-more-18-business-updates-for-lake-travis-westlake,2026-07-02 01:06:06+00:00,"5 new restaurants, 2 new gyms and more: 18 business updates for Lake Travis, Westlake Community Impact",2026-07-04
Gap,Closing,"Closing The AI Execution Gap: Firms Risk Revenue, Talent And Trust - FutureIOT",https://futureiot.tech/closing-the-ai-execution-gap-firms-risk-revenue-talent-and-trust/,2026-07-02 01:00:00+00:00,"Closing The AI Execution Gap: Firms Risk Revenue, Talent And Trust FutureIOT",2026-07-04
Long John Silver's,Opening,Long John Silver’s announces new Lufkin location opening in 2027 - Yahoo,https://www.yahoo.com/news/us/articles/long-john-silver-announces-lufkin-005236601.html,2026-07-02 00:52:00+00:00,Long John Silver’s announces new Lufkin location opening in 2027 Yahoo,2026-07-04
Winn Dixie,Opening,How much longer before ALDI opens in Immokalee's food desert? What to know - Naples Daily News,https://www.naplesnews.com/story/news/local/2026/07/01/immokalee-florida-aldi-to-open-by-the-end-of-summer/90646565007/,2026-07-02 00:51:00+00:00,How much longer before ALDI opens in Immokalee's food desert? What to know Naples Daily News,2026-07-04
Olive Garden,Opening,Olive Garden to open first Missouri City location April 10 - Community Impact,https://communityimpact.com/sugar-land-missouri-city/dining/olive-garden-to-open-first-missouri-city-location-april-10/,2026-07-02 00:28:48+00:00,Olive Garden to open first Missouri City location April 10 Community Impact,2026-07-04
Kura Sushi,Opening,America's largest revolving sushi chain sets opening for new Texas outpost - MySA,https://www.mysanantonio.com/food/article/kura-sushi-south-austin-opening-22328408.php,2026-07-02 00:10:04+00:00,America's largest revolving sushi chain sets opening for new Texas outpost MySA,2026-07-04
