city,link,title,date,image
Austin,https://communityimpact.com/new-braunfels/business/ollies-market-to-open-2nd-area-location-in-new-braunfels/,Ollie's Market to open 2nd area location in New Braunfels,12h ago,https://communityimpact.com/_next/image/?url=https%3A%2F%2Fassets.communityimpact.com%2Fuploads%2Fimages%2F2026%2F07%2F30%2F434981.jpg&w=1920&q=75
Austin,https://communityimpact.com/georgetown/business/perky-beans-opens-georgetown-location/,Perky Beans opens Georgetown location,12h ago,https://communityimpact.com/_next/image/?url=https%3A%2F%2Fassets.communityimpact.com%2Fuploads%2Fimages%2F2026%2F07%2F30%2F434834.jpg&w=1920&q=75
Austin,https://communityimpact.com/northwest-austin/business/luxury-watch-boutique-opens-at-domain-northside/,Luxury watch boutique opens at Domain Northside,13h ago,https://communityimpact.com/_next/image/?url=https%3A%2F%2Fassets.communityimpact.com%2Fuploads%2Fimages%2F2026%2F07%2F30%2F434952.jpeg&w=1920&q=75
Austin,https://communityimpact.com/cedar-park/business/breakaway-church-slated-to-reopen-at-its-permanent-location-in-early-august/,Breakaway Church slated to reopen at its permanent location in early August,16h ago,https://communityimpact.com/_next/image/?url=https%3A%2F%2Fassets.communityimpact.com%2Fuploads%2Fimages%2F2026%2F07%2F30%2F434773.jpeg&w=1920&q=75
Austin,https://communityimpact.com/southwest-austin-dripping-springs/business/still-austin-whiskey-co-to-open-concept-inspired-by-the-musician/,Still Austin Whiskey Co. to open concept inspired by “The Musician”,1d ago,https://communityimpact.com/_next/image/?url=https%3A%2F%2Fassets.communityimpact.com%2Fuploads%2Fimages%2F2026%2F07%2F30%2F434848.jpeg&w=1920&q=75
Austin,https://communityimpact.com/leander-liberty-hill/business/westlake-dermatology-to-open-leander-clinic-in-september/,Westlake Dermatology to open Leander clinic in September,1d ago,https://communityimpact.com/_next/image/?url=https%3A%2F%2Fassets.communityimpact.com%2Fuploads%2Fimages%2F2026%2F07%2F30%2F434917.jpeg&w=1920&q=75
Dallas - Fort Worth,https://communityimpact.com/grapevine-colleyville-southlake/business/little-diggers-to-offer-an-indoor-sandbox-in-colleyville-plano/,"Little Diggers to offer an indoor sandbox in Colleyville, Plano",11h ago,https://communityimpact.com/_next/image/?url=https%3A%2F%2Fassets.communityimpact.com%2Fuploads%2Fimages%2F2026%2F07%2F30%2F434976.jpeg&w=1920&q=75
Dallas - Fort Worth,https://communityimpact.com/mckinney/business/facial-bar-face-foundrie-debuts-west-mckinney-location/,Facial bar Face Foundrié debuts west McKinney location,12h ago,https://communityimpact.com/_next/image/?url=https%3A%2F%2Fassets.communityimpact.com%2Fuploads%2Fimages%2F2026%2F07%2F30%2F434973.jpg&w=1920&q=75
Dallas - Fort Worth,https://communityimpact.com/prosper-celina/business/costco-sets-opening-date-for-upcoming-location-in-celina/,Costco sets opening date for upcoming location in Celina,1d ago,https://communityimpact.com/_next/image/?url=https%3A%2F%2Fassets.communityimpact.com%2Fuploads%2Fimages%2F2026%2F07%2F30%2F434977.jpg&w=1920&q=75
Dallas - Fort Worth,https://communityimpact.com/frisco/business/bodybar-pilates-to-offer-expert-led-classes-in-west-frisco/,BODYBAR Pilates to offer expert-led classes in west Frisco,1d ago,https://communityimpact.com/_next/image/?url=https%3A%2F%2Fassets.communityimpact.com%2Fuploads%2Fimages%2F2026%2F07%2F30%2F434860.jpg&w=1920&q=75
Dallas - Fort Worth,https://communityimpact.com/richardson/business/village-collective-texas-to-bring-local-clothing-arts-businesses-to-richardson/,"Village Collective Texas to bring local clothing, arts businesses to Richardson",1d ago,https://communityimpact.com/_next/image/?url=https%3A%2F%2Fassets.communityimpact.com%2Fuploads%2Fimages%2F2026%2F07%2F30%2F434920.jpeg&w=1920&q=75
Dallas - Fort Worth,https://communityimpact.com/frisco/business/check-out-seven-business-updates-in-north-frisco/,Check out seven business updates in north Frisco,1d ago,https://communityimpact.com/_next/image/?url=https%3A%2F%2Fassets.communityimpact.com%2Fuploads%2Fimages%2F2026%2F07%2F30%2F434936.jpeg&w=1920&q=75
Houston,https://communityimpact.com/the-woodlands/business/happyland-playground-to-hold-grand-opening-in-the-woodlands-area/,Happyland Playground to hold grand opening in The Woodlands area,11h ago,https://communityimpact.com/_next/image/?url=https%3A%2F%2Fassets.communityimpact.com%2Fuploads%2Fimages%2F2026%2F07%2F30%2F434817.jpeg&w=1920&q=75
Houston,https://communityimpact.com/bay-area/business/membership-based-photography-studio-opens-in-historic-league-city/,Membership-based photography studio opens in historic League City,12h ago,https://communityimpact.com/_next/image/?url=https%3A%2F%2Fassets.communityimpact.com%2Fuploads%2Fimages%2F2026%2F07%2F30%2F434830.jpg&w=1920&q=75
Houston,https://communityimpact.com/sugar-land-missouri-city/business/big-air-sets-opening-date-for-missouri-city-location/,Big Air sets opening date for Missouri City location,13h ago,https://communityimpact.com/_next/image/?url=https%3A%2F%2Fassets.communityimpact.com%2Fuploads%2Fimages%2F2026%2F07%2F30%2F434960.jpeg&w=1920&q=75
Houston,https://communityimpact.com/the-woodlands/business/walmart-announces-250k-workforce-development-grant-for-the-greater-houston-area/,Walmart announces $250K workforce development grant for the Greater Houston area,17h ago,https://communityimpact.com/_next/image/?url=https%3A%2F%2Fassets.communityimpact.com%2Fuploads%2Fimages%2F2026%2F07%2F30%2F434841.jpg&w=1920&q=75
Houston,https://communityimpact.com/lake-houston-humble-kingwood/business/gelato-bliss-marks-1-year-anniversary-in-humble/,Gelato Bliss marks 1-year anniversary in Humble,20h ago,https://communityimpact.com/_next/image/?url=https%3A%2F%2Fassets.communityimpact.com%2Fuploads%2Fimages%2F2026%2F07%2F24%2F434013.jpeg&w=1920&q=75
Houston,https://communityimpact.com/the-woodlands/business/woodforest-national-bank-names-new-president-and-ceo-julie-mayrant/,"Woodforest National Bank names new president and CEO, Julie Mayrant",1d ago,https://communityimpact.com/_next/image/?url=https%3A%2F%2Fassets.communityimpact.com%2Fuploads%2Fimages%2F2026%2F07%2F29%2F434463.jpg&w=1920&q=75
San Antonio,https://communityimpact.com/san-antonio/business/feliz-modern-now-open-in-the-san-antonio-international-airport/,Feliz Modern now open in the San Antonio International Airport,"June 22, 2026",https://communityimpact.com/_next/image/?url=https%3A%2F%2Fassets.communityimpact.com%2Fuploads%2Fimages%2F2026%2F06%2F22%2F429681.jpg&w=1920&q=75
San Antonio,https://communityimpact.com/san-antonio/business/james-avery-artisan-jewelry-now-open-in-schertz-station/,James Avery Artisan Jewelry now open in Schertz Station,"June 19, 2026",https://communityimpact.com/_next/image/?url=https%3A%2F%2Fassets.communityimpact.com%2Fuploads%2Fimages%2F2026%2F06%2F19%2F429448.jpg&w=1920&q=75
San Antonio,https://communityimpact.com/san-antonio/austin/arnold-mane-hair-salon-now-open-in-new-braunfels/,Arnold & Mane hair salon now open in New Braunfels,"April 30, 2026",https://communityimpact.com/_next/image/?url=https%3A%2F%2Fassets.communityimpact.com%2Fuploads%2Fimages%2F2026%2F04%2F30%2F418300.jpeg&w=1920&q=75
San Antonio,https://communityimpact.com/san-antonio/business/roundup-3-updates-from-san-antonio-businesses-in-march/,Roundup: 3 updates from San Antonio businesses in March,"April 8, 2026",https://communityimpact.com/_next/image/?url=https%3A%2F%2Fassets.communityimpact.com%2Fuploads%2Fimages%2F2026%2F02%2F11%2F408950.jpg&w=1920&q=75
San Antonio,https://communityimpact.com/san-antonio/business/curator-coffee-celebrates-5-years-serving-north-san-antonio/,Curator Coffee celebrates 5 years serving North San Antonio,"April 8, 2026",https://communityimpact.com/_next/image/?url=https%3A%2F%2Fassets.communityimpact.com%2Fuploads%2Fimages%2F2026%2F04%2F07%2F418302.jpg&w=1920&q=75
San Antonio,https://communityimpact.com/san-antonio/business/new-family-owned-pizza-shop-opens-in-north-san-antonio/,New family-owned pizza shop opens in North San Antonio,"April 7, 2026",https://communityimpact.com/_next/image/?url=https%3A%2F%2Fassets.communityimpact.com%2Fuploads%2Fimages%2F2026%2F04%2F07%2F417637.jpg&w=1920&q=75
Bryan - College Station,https://communityimpact.com/bryan-college-station/business/spirit-halloween-to-open-2-locations-in-bryan-college-station-for-upcoming-holiday/,Spirit Halloween to open 2 locations in Bryan-College Station for upcoming holiday,1d ago,https://communityimpact.com/_next/image/?url=https%3A%2F%2Fassets.communityimpact.com%2Fuploads%2Fimages%2F2026%2F07%2F30%2F434870.png&w=1920&q=75
Bryan - College Station,https://communityimpact.com/bryan-college-station/business/katy-based-volleyball-school-to-open-satellite-bryan-college-station-location/,Katy-based Volleyball School to open satellite Bryan-College Station location,2d ago,https://communityimpact.com/_next/image/?url=https%3A%2F%2Fassets.communityimpact.com%2Fuploads%2Fimages%2F2026%2F07%2F29%2F434722.png&w=1920&q=75
Bryan - College Station,https://communityimpact.com/bryan-college-station/business/sprouts-announces-fall-opening-date-in-college-station/,Sprouts announces fall opening date in College Station,3d ago,https://communityimpact.com/_next/image/?url=https%3A%2F%2Fassets.communityimpact.com%2Fuploads%2Fimages%2F2026%2F07%2F28%2F434467.png&w=1920&q=75
Bryan - College Station,https://communityimpact.com/bryan-college-station/business/shipley-do-nuts-opens-third-location-in-bryan/,Shipley Do-Nuts opens third location in Bryan,"July 21, 2026",https://communityimpact.com/_next/image/?url=https%3A%2F%2Fassets.communityimpact.com%2Fuploads%2Fimages%2F2026%2F07%2F21%2F433530.png&w=1920&q=75
Bryan - College Station,https://communityimpact.com/bryan-college-station/business/vans-officially-closes-its-college-station-location-in-post-oak-mall/,Vans officially closes its College Station location in Post Oak Mall,"July 20, 2026",https://communityimpact.com/_next/image/?url=https%3A%2F%2Fassets.communityimpact.com%2Fuploads%2Fimages%2F2026%2F07%2F20%2F433442.png&w=1920&q=75
Bryan - College Station,https://communityimpact.com/bryan-college-station/business/tecovas-headed-to-college-stations-century-square-this-fall/,Tecovas headed to College Station’s Century Square this fall,"July 17, 2026",https://communityimpact.com/_next/image/?url=https%3A%2F%2Fassets.communityimpact.com%2Fuploads%2Fimages%2F2026%2F07%2F17%2F433177.jpg&w=1920&q=75
