company_name,event_type,Title,Link,Published,Summary
Eyemart Express,Opening,Eyemart Express to Open Four New Retail Locations in Greater Houston Area - geneonline.com,https://www.geneonline.com/eyemart-express-to-open-four-new-retail-locations-in-greater-houston-area/,"Thu, 03 Sep 2026 19:26:54 GMT",Eyemart Express to Open Four New Retail Locations in Greater Houston Area geneonline.com
Eyemart Express,Opening,Eyemart Express Brings Same-Day Glasses to Greater Houston with Four New Stores - Morningstar,https://www.morningstar.com/news/pr-newswire/20260903da40503/eyemart-express-brings-same-day-glasses-to-greater-houston-with-four-new-stores,"Thu, 03 Sep 2026 18:07:00 GMT",Eyemart Express Brings Same-Day Glasses to Greater Houston with Four New Stores Morningstar
Eyemart Express,Closing,Eyemart Express Brings Same-Day Glasses to Greater Houston with Four New Stores - stltoday.com,https://www.stltoday.com/online_features/press_releases/article_a2763b9c-8f84-5833-be0a-fb2c4abfc6f8.html,"Thu, 03 Sep 2026 18:07:00 GMT",Eyemart Express Brings Same-Day Glasses to Greater Houston with Four New Stores stltoday.com
Disney Store,Opening,Celebrating the Grand Opening of Disney Store Limited Time in New Jersey - Disney Parks Blog,https://disneyparksblog.com/products/grand-opening-of-disney-store-limited-time-in-new-jersey/,"Thu, 03 Sep 2026 22:21:37 GMT",Celebrating the Grand Opening of Disney Store Limited Time in New Jersey Disney Parks Blog
Disney Store,Opening,Disney Store to open at Selfridges Manchester Trafford on Monday 14th September 2026 - Fantha Tracks,https://www.fanthatracks.com/news/disney-store-to-open-at-selfridges-manchester-trafford-on-monday-14th-september-2026/,"Thu, 03 Sep 2026 15:45:21 GMT",Disney Store to open at Selfridges Manchester Trafford on Monday 14th September 2026 Fantha Tracks
Disney Store,Opening,The Magic Returns to the Mall: Inside the Grand Opening of the Newest In-Person Disney Store - Inside the Magic,https://insidethemagic.net/2026/09/second-disney-pop-up-store-opening-today-in-paramus-new-jersey-thrilling-fans-rl1/,"Thu, 03 Sep 2026 11:27:53 GMT",The Magic Returns to the Mall: Inside the Grand Opening of the Newest In-Person Disney Store Inside the Magic
Disney Store,Opening,Disney Store announces return to North West at Selfridges Trafford Centre - Messenger Newspapers,https://www.messengernewspapers.co.uk/news/26515425.disney-store-open-trafford-centre-september/,"Thu, 03 Sep 2026 04:00:00 GMT",Disney Store announces return to North West at Selfridges Trafford Centre Messenger Newspapers
Disney Store,Closing,NEWS: Disney to Shut Down Online Store in Several Countries - AllEars.Net,https://allears.net/2026/09/03/news-disney-to-shut-down-online-store-in-several-countries/,"Thu, 03 Sep 2026 14:53:53 GMT",NEWS: Disney to Shut Down Online Store in Several Countries AllEars.Net
HCA Healthcare,Closing,"Layoffs, closures tracker: 24 Hour Home Care to cut 738 employees - Modern Healthcare News",http://www.modernhealthcare.com/providers/staffing/mh-layoffs-closures-healthcare-live-updates/,"Thu, 03 Sep 2026 16:40:00 GMT","Layoffs, closures tracker: 24 Hour Home Care to cut 738 employees Modern Healthcare News"
HCA Healthcare,Closing,"Layoff Tracker—HCA cuts corporate, support staff - Fierce Healthcare",https://www.fiercehealthcare.com/finance/fierce-healthcare-layoff-tracker-2026-job-cuts-eliminations-health-systems-hospitals,"Thu, 03 Sep 2026 16:15:10 GMT","Layoff Tracker—HCA cuts corporate, support staff Fierce Healthcare"
HCA Healthcare,Closing,4 oneC1TY Nashville businesses closing at end of 2026 - wkrn.com,https://www.wkrn.com/news/local-news/nashville/onec1ty-closures-mixed-use-development/,"Thu, 03 Sep 2026 12:39:08 GMT",4 oneC1TY Nashville businesses closing at end of 2026 wkrn.com
Jersey Mike's,Opening,Another huge sandwich chain is set to open in Calgary next week - Daily Hive,https://dailyhive.com/calgary/jersey-mikes-calgary,"Thu, 03 Sep 2026 16:42:00 GMT",Another huge sandwich chain is set to open in Calgary next week Daily Hive
Jersey Mike's,Opening,Jersey Mike's To Open Shop In Portland - Patch,https://patch.com/connecticut/easthampton-ct/jersey-mikes-open-shop-portland,"Fri, 04 Sep 2026 16:53:30 GMT",Jersey Mike's To Open Shop In Portland Patch
Jersey Mike's,Opening,Jersey Mike's Subs giving back to TJ athletics after grand opening on West Broadway - nonpareilonline.com,https://nonpareilonline.com/news/local/business/article_867f1cc3-0a29-4bdd-9d7e-4944380588e8.html,"Fri, 04 Sep 2026 15:00:00 GMT",Jersey Mike's Subs giving back to TJ athletics after grand opening on West Broadway nonpareilonline.com
Levi Strauss & Co.,Opening,Levi's to open first Tampa store - bizjournals.com,https://www.bizjournals.com/tampabay/news/2026/09/03/levis-tampa-international-plaza.html,"Thu, 03 Sep 2026 10:22:00 GMT",Levi's to open first Tampa store bizjournals.com
Levi Strauss & Co.,Opening,Levi’s India Reaches 500-Stores Milestone - Indian Retailer,https://www.indianretailer.com/franchisetv/archives/news/levis-india-reaches-500-stores-milestone,"Fri, 04 Sep 2026 09:45:37 GMT",Levi’s India Reaches 500-Stores Milestone Indian Retailer
Popeyes,Opening,Popular fried chicken restaurant opens new spot in a prime location in Calgary - Daily Hive,https://dailyhive.com/calgary/popeyes-bankers-hall-calgary,"Thu, 03 Sep 2026 19:57:00 GMT",Popular fried chicken restaurant opens new spot in a prime location in Calgary Daily Hive
Jersey Mike's Subs,Opening,Jersey Mike's Subs giving back to TJ athletics after grand opening on West Broadway - Daily Nonpareil,https://nonpareilonline.com/news/local/business/article_867f1cc3-0a29-4bdd-9d7e-4944380588e8.html,"Fri, 04 Sep 2026 15:00:00 GMT",Jersey Mike's Subs giving back to TJ athletics after grand opening on West Broadway Daily Nonpareil
The UPS Store,Closing,"Let's Roll opens warehouse showroom in Marietta, UPS Store closing in Lancaster Twp.: Retail openings, closings for August 2026 - LancasterOnline",https://lancasteronline.com/business/whats_in_store/lets-roll-opens-warehouse-showroom-in-marietta-ups-store-closing-in-lancaster-twp-retail-openings/collection_dc5bf43a-25e1-474f-9a37-c148b97d277b.html,"Thu, 03 Sep 2026 09:00:00 GMT","Let's Roll opens warehouse showroom in Marietta, UPS Store closing in Lancaster Twp.: Retail openings, closings for August 2026 LancasterOnline"
TradeMark Properties,Opening,Flying Biscuit Cafe franchisee to open 4th Raleigh location - fastcasual.com,https://www.fastcasual.com/news/flying-biscuit-cafe-franchisee-to-open-4th-raleigh-location/,"Thu, 03 Sep 2026 10:00:00 GMT",Flying Biscuit Cafe franchisee to open 4th Raleigh location fastcasual.com
Tumbles,Closing,"Closing Market Update: An about face for canola, U.S. wheat tumbles | Sept. 3, 2026 - Country Guide",https://www.country-guide.ca/video/closing-market-update-an-about-face-for-canola-u-s-wheat-tumbles-sept-3-2026/,"Thu, 03 Sep 2026 19:28:35 GMT","Closing Market Update: An about face for canola, U.S. wheat tumbles | Sept. 3, 2026 Country Guide"
Trimble,Closing,Police launch ‘Operation Last Call’ in the Gaslamp Quarter - fox5sandiego.com,https://news.google.com/rss/articles/CBMilwFBVV95cUxNWHhnaHQ0bG13b0Z3czhpNkhnOUlEbmI4MEsxRTRmV0ozT2tKZ2FhNDllb2hkUnNnbWxKbjd4Ykk2dUxTUi0yTnE3OHNCZ1VvRFZfLVVJcC1IQnc0UHEtV3hDZUpsV0pjZ0FIa3RTcEtIdVNBS3pQQUJldTNLSTdiajQzVzRxa2o3YWRfeXJwZWpCb3VqelVV0gGXAUFVX3lxTE1YeGdodDRsbXdvRndzOGk2SGc5SURuYjgwSzFFNGZXSjNPa0pnYWE0OWVvaGRSc2dtbEpuN3hiSTZ1TFNSLTJOcTc4c0JnVW9EVl8tVUlwLUhCdzRQcS1XeENlSmxXSmNnQUhrdFNwS0h1U0FLelBBQmV1M0tJN2JqNDNXNHFrajdhZF95cnBlakJvdWp6VVU?oc=5,"Thu, 03 Sep 2026 18:35:27 GMT",Police launch ‘Operation Last Call’ in the Gaslamp Quarter fox5sandiego.com
Trimble,Closing,Trimble Inc. stock edges higher as investors focus on software-driven margin gains - AD HOC NEWS,https://news.google.com/rss/articles/CBMiywFBVV95cUxQZnhLdFdxcms1bXlRcVJydDBuQ1k4SG9SU0hvS3BDTmpoWTM1SElfMjI5RjUwM2cyV0d0cXg1Tng2OVl2QV9Fek1QYTZESWNXcDczdENVWHlQT0RDbkhlSHFaY1NRWm5UMWRKd21sOERhb0NUQ0xhS2R1dXBOUVBjaTNvZ3RmaGJNUmRZX01fVjlSWXNjbVJPcDlhb0JWTnRBSmE5T0gyd1c4aHNObVhhejdmWDRRRGQwLVJ0UGRWSGJSclk2ZmFBcFZoQQ?oc=5,"Fri, 04 Sep 2026 17:40:59 GMT",Trimble Inc. stock edges higher as investors focus on software-driven margin gains AD HOC NEWS
Sur La Table,Opening,Grand opening set for global retailer Miniso in NE Ohio - Cleveland.com,https://www.cleveland.com/entertainment/2026/09/grand-opening-set-for-global-retailer-miniso-in-ne-ohio.html,"Thu, 03 Sep 2026 18:25:00 GMT",Grand opening set for global retailer Miniso in NE Ohio Cleveland.com
Wren Kitchens,Opening,Popular kitchen retailer opens new showroom in Bromborough retail park - Wirral Globe,https://news.google.com/rss/articles/CBMimgFBVV95cUxPS0QwSVhCa0VJTkxKb2c3U2FfRjJ2R1pjbjhNLXhsV0pxWkoyX1lXaEFxVXVKZnFOS0pWN1pvaWM3YzFienZreUtDQng2bWVWYlpnb1BDU2YyY3R2YmZ5QnVrdkliY1liVTNRS25GZDgxV25RSlp5RTNDMnZqUTF4VmhocDNKOWd4SnJ2YkRqU0VjRXMyMlBybzJR?oc=5,"Thu, 03 Sep 2026 09:43:22 GMT",Popular kitchen retailer opens new showroom in Bromborough retail park Wirral Globe
Gap,Opening,"Gift Nifty Rises 120 Points, Indicates Gap-Up Opening In Indian Markets Today; Crude, Bond Yields Remain Ke - News18",https://www.news18.com/business/markets/gift-nifty-rises-120-points-indicates-gap-up-opening-in-indian-markets-today-crude-bond-yields-remain-key-risks-10307343.html,"Thu, 03 Sep 2026 02:16:19 GMT","Gift Nifty Rises 120 Points, Indicates Gap-Up Opening In Indian Markets Today; Crude, Bond Yields Remain Ke News18"
Gap,Opening,"Gift Nifty hints big gap-up start | Amid Janmashtami celebrations, Vaishali Parekh recommends three stocks to buy today - TradingView",https://www.tradingview.com/news/moodys:f85dda83fe8c4:0-gift-nifty-hints-big-gap-up-start-amid-janmashtami-celebrations-vaishali-parekh-recommends-three-stocks-to-buy-today/,"Fri, 04 Sep 2026 06:12:19 GMT","Gift Nifty hints big gap-up start | Amid Janmashtami celebrations, Vaishali Parekh recommends three stocks to buy today TradingView"
Gap,Closing,"Duke Still Controls ACC - BUT Virginia, Miami, Louisville CLOSING THE GAP! | ACC PREVIEW - 13WMAZ",https://www.13wmaz.com/video/sports/locked-on/lo-national/college-basketball-show/duke-still-controls-acc-but-virginia-miami-louisville-closing-the-gap-acc-preview/535-5c7cb3e2-e777-489d-afff-fd5b6351e380,"Thu, 03 Sep 2026 22:58:00 GMT","Duke Still Controls ACC - BUT Virginia, Miami, Louisville CLOSING THE GAP! | ACC PREVIEW 13WMAZ"
Gap,Closing,"Plant-Stress Satellite FLEX Launches Sept. 15, Closing Gap in Global Food Security - Tech Times",https://www.techtimes.com/articles/326569/20260903/plant-stress-satellite-flex-launches-sept-15-closing-gap-global-food-security.htm,"Thu, 03 Sep 2026 21:49:49 GMT","Plant-Stress Satellite FLEX Launches Sept. 15, Closing Gap in Global Food Security Tech Times"
Gap,Closing,Closing the Management Gap: The Urgent Mandate for Persistent Marine Monitoring - Planet Labs,https://news.google.com/rss/articles/CBMirAFBVV95cUxORkplc0ZaVEozaF95OEtWRldtcWRQbDhlWjRIcklHVWl4MC1jeEhZbWFkaF9TWmktRThVU3hJbUVnY3pvR0dubGFsa2FJMXJsbGVnd3plTzNFU1VEbmU3bUNKb09ZTkJ0OFJDU2pwdGFxMklaSWJScEx1SEJiODJIa0xTa3FiakdvWUxQcHpJNVZPeVJXX3ZSckViUzF6ZTM2VEJOOW5GcnU2OE5W?oc=5,"Thu, 03 Sep 2026 16:41:58 GMT",Closing the Management Gap: The Urgent Mandate for Persistent Marine Monitoring Planet Labs
Gap,Closing,Traviss Green on Zimperium's On-Device AI & Mobile Security - ExecutiveBiz,https://news.google.com/rss/articles/CBMimwFBVV95cUxOWnBhQmVuUUpBVUtpeEg0Sl9SaTE2eU5WODBZVlo2ZF9ZbkpPMG95Q0NTTVgxbjhTVE5uM0xnLU1zRmg3bkFkcXpkd085bXB3NHZZZTVtSTg3UG9FcmFuV0R1cjFDMVdXWXVWT2cwdU5YdXpvY1E3R2xhb1d3ZFNHWF83Ums2Ymt1cTNRV05yR1c1UDhzSzlrc0U2RQ?oc=5,"Thu, 03 Sep 2026 15:45:55 GMT",Traviss Green on Zimperium's On-Device AI & Mobile Security ExecutiveBiz
Gap,Closing,Nigeria's biggest bet: Closing the gap between its ideas and its industries - Business Insider Africa,https://africa.businessinsider.com/local/markets/nigerias-biggest-bet-closing-the-gap-between-its-ideas-and-its-industries/vx9t09h,"Thu, 03 Sep 2026 15:35:19 GMT",Nigeria's biggest bet: Closing the gap between its ideas and its industries Business Insider Africa
Gap,Closing,‘Open weight models are closing the capability gap with frontier models at a fraction of the cost’: Cheap Chinese AI models could spell trouble for US big tech - IT Pro,https://www.itpro.com/security/open-weight-models-are-closing-the-capability-gap-with-frontier-models-at-a-fraction-of-the-cost-cheap-chinese-ai-models-could-spell-trouble-for-us-big-tech,"Thu, 03 Sep 2026 15:20:15 GMT",‘Open weight models are closing the capability gap with frontier models at a fraction of the cost’: Cheap Chinese AI models could spell trouble for US big tech IT Pro
Gap,Closing,Closing Ukraine’s air-defence gap: What Europe should do - European Union Institute for Security Studies |,https://www.iss.europa.eu/publications/commentary/closing-ukraines-air-defence-gap-what-europe-should-do,"Thu, 03 Sep 2026 12:10:11 GMT",Closing Ukraine’s air-defence gap: What Europe should do European Union Institute for Security Studies |
Gap,Closing,Closing the AI discovery gap: how retailers can become the answer - Retail Bulletin,https://news.google.com/rss/articles/CBMixgFBVV95cUxQMV9wYzFVYVBkWGljSUxfdnNEMTVBVWVvanJ2dzZkM09yVExjamRFb1JVdGRMZHNYek94SjMxTEZ2VU9UNTE0R3kwM2o2M1lZX1NISVcxYW5rbm5WU0Y4Tng2UjhCc09NcEhTdGhpTWQyWUVTY3FtY1FONWJFd1M2WDc2QUV4emxBVzhBTmlId2k1MWU5VzZiNXFsVElWbk1TaENxcDJCaDRvQnB1RmdrU0JBa0JEOXlUdHVoNXhndWRETFBFZVE?oc=5,"Thu, 03 Sep 2026 09:24:59 GMT",Closing the AI discovery gap: how retailers can become the answer Retail Bulletin
Gap,Closing,Building Bridges: How DaVita Transplant Liaisons are Working to Close the Kidney Gap - DaVita Newsroom,https://newsroom.davita.com/davita-transplant-liaisons-closing-the-kidney-gap/,"Thu, 03 Sep 2026 06:56:00 GMT",Building Bridges: How DaVita Transplant Liaisons are Working to Close the Kidney Gap DaVita Newsroom
Gap,Closing,Pressley in Hearing: Trump Accounts Fail at Closing Wealth Gap and Addressing Affordability Crisis - pressley.house.gov,https://pressley.house.gov/2026/09/02/pressley-in-hearing-trump-accounts-fail-at-closing-wealth-gap-and-addressing-affordability-crisis/,"Thu, 03 Sep 2026 04:14:08 GMT",Pressley in Hearing: Trump Accounts Fail at Closing Wealth Gap and Addressing Affordability Crisis pressley.house.gov
Gap,Closing,Closing the MES Reality Gap Requires a More Grounded Strategy - ARC Advisory Group,https://www.arcweb.com/industry-best-practices/closing-mes-reality-gap-requires-more-grounded-strategy,"Thu, 03 Sep 2026 02:48:40 GMT",Closing the MES Reality Gap Requires a More Grounded Strategy ARC Advisory Group
Gap,Closing,NLSD closing gap when it comes to teacher shortage - larongeNOW,https://larongenow.com/2026/09/04/nlsd-closing-gap-when-it-comes-to-teacher-shortage/,"Fri, 04 Sep 2026 22:50:17 GMT",NLSD closing gap when it comes to teacher shortage larongeNOW
Gap,Closing,Closing South Africa’s Healthcare Data Gap - Portal ERP,https://portalerp.com/za/noticia/closing-south-africa-s-healthcare-data-gap,"Fri, 04 Sep 2026 22:07:30 GMT",Closing South Africa’s Healthcare Data Gap Portal ERP
Gap,Closing,OPSWAT 5.15.0: Closing the Timeout Gap in Enterprise File Inspection - The Futurum Group,https://futurumgroup.com/insights/opswat-5150-closing-the-timeout-gap-in-enterprise-file-inspection/,"Fri, 04 Sep 2026 21:08:30 GMT",OPSWAT 5.15.0: Closing the Timeout Gap in Enterprise File Inspection The Futurum Group
Gap,Closing,Speed-to-power: Closing the gap between AI demand and energy delivery - Data Center Frontier,https://www.datacenterfrontier.com/white-papers/whitepaper/55398019/speed-to-power-closing-the-gap-between-ai-demand-and-energy-delivery,"Fri, 04 Sep 2026 19:19:46 GMT",Speed-to-power: Closing the gap between AI demand and energy delivery Data Center Frontier
Gap,Closing,Stop calling it ‘savings’: the real economics of closing Medicare care gaps - Medical Economics,https://www.medicaleconomics.com/view/stop-calling-it-savings-the-real-economics-of-closing-medicare-care-gaps,"Fri, 04 Sep 2026 14:44:44 GMT",Stop calling it ‘savings’: the real economics of closing Medicare care gaps Medical Economics
Gap,Closing,Closing the Pet Care Gap When Owners Are Hospitalized - Vet Candy,https://www.myvetcandy.com/news/2026/9/4/closing-the-pet-care-gap-when-owners-are-hospitalized,"Fri, 04 Sep 2026 14:09:34 GMT",Closing the Pet Care Gap When Owners Are Hospitalized Vet Candy
Gap,Closing,Alpha-Gal Syndrome: Closing an Underrecognized Allergy Diagnostic Gap - HCPLive,https://www.hcplive.com/view/alpha-gal-syndrome-closing-underrecognized-allergy-diagnostic-gap,"Fri, 04 Sep 2026 14:05:07 GMT",Alpha-Gal Syndrome: Closing an Underrecognized Allergy Diagnostic Gap HCPLive
Gap,Closing,Closing the Gap between Africa's Agri-farms & its Plate: GAIN and AGRA Strengthen Partnership - The National Law Review,https://news.google.com/rss/articles/CBMiswFBVV95cUxNX2UzQ0pDVTk3bVoxLTNuS2gwU2JOSTkzcmNCcnVWWTA1U3ItWlFIdkxPSU1oNS1PRHBGcDlBQWZ3NExBc3hqTXhfWEFhdzB2S3NHc3IzM1hTWjdLWXktZHEydl9WSmFjNmJ5ZW5iMHVyNUlOTlVkZWo3NVVTOGZjVnp0dVhOalN1WGNkLTNtRFNCWUhXQlFKNThkNUVnWlktVHNKaUJiNWNTVnVsd2J6UG8xSQ?oc=5,"Fri, 04 Sep 2026 13:59:11 GMT",Closing the Gap between Africa's Agri-farms & its Plate: GAIN and AGRA Strengthen Partnership The National Law Review
Gap,Closing,The Power of HIV Treatment: Closing the Gap for Children - Infection Control Today,https://www.infectioncontroltoday.com/shorts/power-hiv-treatment-closing-the-gap-children,"Fri, 04 Sep 2026 13:23:40 GMT",The Power of HIV Treatment: Closing the Gap for Children Infection Control Today
Gap,Closing,High school wildland firefighting program is closing the gap on Colorado’s Eastern Plains - dailydispatch.com,https://dailydispatch.com/fire-news/wildland/high-school-wildland-firefighting-program-is-closing-the-gap-on-colorados-eastern-plains/,"Fri, 04 Sep 2026 08:58:37 GMT",High school wildland firefighting program is closing the gap on Colorado’s Eastern Plains dailydispatch.com
Gap,Closing,Closing the Databricks Activation Gap with Agentic Data Engineering - Nasscom,https://news.google.com/rss/articles/CBMiwwFBVV95cUxNTEUtU0ViLTNNei02VjlIRXptdjdwTzNuVXBxeGxJcXRIdXlDWUlRRGlud01Qd3RqOFN3UzF0WTNBdEl1b1dSdVRLdGZscW54bnYtSzk0ZEQzTTJ0bFZSNG9henlQcFkzT0x3dzRJNHBJNFIyd0JfRndSMGNXRmxYZFdUNVFmdDIzTG1OOEhaNEk2T21qVDJ1azdQWG1fUjRkM3F1U3BVd3h0Z0w2NFBZekNXQUtWYUlVWkR0dFd0VDJiOW8?oc=5,"Fri, 04 Sep 2026 08:34:06 GMT",Closing the Databricks Activation Gap with Agentic Data Engineering Nasscom
Gap,Closing,Why closing Europe's health data gap matters more than ever - The Parliament Magazine,https://www.theparliamentmagazine.eu/partner/article/why-closing-europes-health-data-gap-matters-more-than-ever,"Fri, 04 Sep 2026 07:04:55 GMT",Why closing Europe's health data gap matters more than ever The Parliament Magazine
Gap,Closing,Closing the AI skills gap: Four steps for L&D teams - TrainingZone,https://trainingzone.co.uk/closing-the-ai-skills-gap-four-steps-for-ld-teams/,"Fri, 04 Sep 2026 06:01:52 GMT",Closing the AI skills gap: Four steps for L&D teams TrainingZone
Gap,Closing,Closing the AI gender gap in retirement and healthcare - Lexology,https://www.lexology.com/library/detail.aspx?g=e535a185-8b04-4077-8f66-9b6d466a4d6b,"Fri, 04 Sep 2026 04:42:05 GMT",Closing the AI gender gap in retirement and healthcare Lexology
Gap,Closing,The 15-year hire: What Abbott’s STEM pipeline tells HR about closing the gender gap - HRM Asia,https://hrmasia.com/the-15-year-hire-what-abbotts-stem-pipeline-tells-hr-about-closing-the-gender-gap/,"Fri, 04 Sep 2026 00:32:43 GMT",The 15-year hire: What Abbott’s STEM pipeline tells HR about closing the gender gap HRM Asia
